shipToCode;shipToName;shipToAddress1;shipToAddress2;shipToCity;shipToPostalCode
"501401";"P & L Pharmacy Pte Ltd";"19 Tanglin Rd.";"#01-40 Tanglin Shopping Ctr.";"Singapore";"247909"
"202672";"Cosmas Chen General Surgery & Vascular Ctr P/L";"820 Thomson Road";"#06-54 Mt Alvernia Medical Ctr D";"Singapore";"574623"
"F21410";"Guardian H&B- 341 The Centrepoint";"176 Orchard Road";"B1-01/02/03/04 The Centrepoint";"Singapore";"238843"
"D33669";"Arden Endocrinology Specialist Clinic Pte Ltd";"38 Irrawaddy Road";"#09-45/46 Mount Elizabeth Novena";"Singapore";"329563"
"D33669";"Arden Endocrinology Specialist Clinic Pte Ltd";"38 Irrawaddy Road";"#09-45/46 Mount Elizabeth Novena";"Singapore";"329563"
"100030";"National University Hospital (S) Pte Ltd";"5 Lower Kent Ridge Rd.";"";"Singapore";"119074"
"202853";"Kevin Tan Clinic For Diabetes, Thyroid And Hormone";"3 Mount Elizabeth";"#13-07 Mt Elizabeth Medical Ctr.";"Singapore";"228510"
"200698";"Yang & Yap Clinic & Surgery Pte Ltd";"Block 537 Bedok North St. 3";"#01-571";"Singapore";"460537"
"202002";"East Coast Family Clinic- Dr Kirankashyap";"121 Meyer Rd.";"#01-05 The Makena";"Singapore";"437932"
"203514";"Raffles Medical Grp Ltd- Serangoon Central";"23 Serangoon Central";"#B2-01 Nex";"Singapore";"556083"
"201399";"C T Yeo Respiratory & Medical Clinic- c/o YCT Pte";"6 Napier Rd.";"#09-18 Gleneagles Medical Ctr.";"Singapore";"258499"
"200178";"Drs Fernandez & Partners";"1 Grange Road";"#12-04 Orchard Building";"Singapore";"239693"
"200178";"Drs Fernandez & Partners";"1 Grange Road";"#12-04 Orchard Building";"Singapore";"239693"
"200178";"Drs Fernandez & Partners";"1 Grange Road";"#12-04 Orchard Building";"Singapore";"239693"
"202013";"Health Partners Family Clinic- Dr Sim Choon Seng";"1 Bukit Batok Central Link";"#01-37 West Mall";"Singapore";"658713"
"203395";"ProHealth Medical Group @ Fernvale P/L";"33 Sengkang West Avenue";"#B1-18 The Seletar Mall";"Singapore";"797653"
"203196";"Prohealth Medical Group @ Buangkok P/L";"Block 275D Compassvale Link";"#01-01 (Unit 12)";"Singapore";"544275"
"201336";"Ar-Raudhah Medical Clinic & Surgery Pte Ltd";"Block 372 Bukit Batok St. 31";"#01-386";"Singapore";"650372"
"H87181";"Curie Oncology Pte Ltd c/o Curie Oncology";"38 Irrawaddy Road";"#08-21 Mt E Novena Specialist Centre";"Singapore";"329563"
"G70835";"NTUC Fairprice Co-Operative Ltd-PRX";"5 Joo Koon Circle";"#07-00";"Singapore";"629118"
"201276";"Family Healthcare Cl & Surgery- Dr Cheng Soo Hong";"Block 523 Hougang Avenue 6";"#01-119";"Singapore";"530523"
"203459";"EH Heart Specialist P/L- Dr Eric Hong";"3 Mount Elizabeth";"#03-09 Mt Elizabeth Medical Ctr.";"Singapore";"228510"
"202873";"KS Ng Cardiology Pte Ltd c/o Heart & Arrhythmia Sp";"6 Napier Road";"#03-04 Gleneagles Medical Ctr";"Singapore";"258499"
"202873";"KS Ng Cardiology Pte Ltd c/o Heart & Arrhythmia Sp";"6 Napier Road";"#03-04 Gleneagles Medical Ctr";"Singapore";"258499"
"200404";"Nair Cardiac & Medical Ctr- Dr V P Nair";"3 Mount Elizabeth";"#16-08 Mt Elizabeth Medical Ctr.";"Singapore";"228510"
"805040";"Drs Bain & Partners LLP";"1 Raffles Quay";"#09-03 One Raffles Quay North Tower";"Singapore";"048583"
"202187";"The Heart Specialist Clinic- Dr Teo Wee Siong";"3 Mount Elizabeth";"#14-10 Mt Elizabeth Medical Ctr.";"Singapore";"228510"
"100202";"SingHealth Polyclinic-Pasir Ris";"167 Jln Bkt. Merah";"#15-10 Institute Of Health Tower 5";"Singapore";"150167"
"100030";"National University Hospital (S) Pte Ltd";"5 Lower Kent Ridge Rd.";"";"Singapore";"119074"
"D63903";"Heart Matters Medical Centre PteLtd";"38 Irrawaddy Road";"#07-30 Mount. E Novena Specialist Ctr";"Singapore";"329563"
"202315";"Raffles Hospital Pte Ltd";"585 North Bridge Rd.";"#07-00 Pharmacy Department";"Singapore";"188770"
"201420";"Lifecare Family Clinic & Surgery-Dr Seng Tee Kiat";"Block 106 Hougang Avenue 1";"#01-1221";"Singapore";"530106"
"200307";"S.Y. Lee Clinic - Dr Lee Suan Yew";"400 Balestier Rd.";"#01-11 Balestier Plaza";"Singapore";"329802"
"G69534";"Sengkang Family Clinic c/o Sengkang Family Clinic";"Blk 274D Compassvale Bow";"#01-01";"Singapore";"544274"
"201384";"Public Medical Clinic & Surgery- Dr Wong Choo Mok";"Block 664 Yishun Avenue 4";"#01-275";"Singapore";"760664"
"201742";"K N Chin & Associates P/L- Dr Michel Foo S N";"3 Temasek Boulevard";"#02-400 Suntec City Mall";"Singapore";"038983"
"201336";"Ar-Raudhah Medical Clinic & Surgery Pte Ltd";"Block 372 Bukit Batok St. 31";"#01-386";"Singapore";"650372"
"400032";"Pan-Malayan Pharmaceuticals Pte Ltd";"16 Tai Seng Street";"Level 4";"Singapore";"534138"
"202315";"Raffles Hospital Pte Ltd";"585 North Bridge Rd.";"#07-00 Pharmacy Department";"Singapore";"188770"
"D33202";"Raffles Medical Group Ltd";"Blk 203 Bedok North Street 1";"#01-467";"Singapore";"460203"
"201343";"The Bishan Family Doctors- Dr Chua Bee Hong";"Block 283 Bishan St. 22";"#01-181";"Singapore";"570283"
"203889";"Raffles Medical Group Ltd White Sands";"1 Pasir Ris Central Street 3";"#04-19 White Sands Shopping Centre";"Singapore";"518457"
"E70298";"Crawfurd Medical Centre Pte Ltd";"3 Temasek Boulevard";"#02-482 Suntec City Mall";"Singapore";"038983"
"202819";"Raffles Medical Group-Harbour Front";"1 Maritime Square";"#03-56 The Harbour Front";"Singapore";"099253"
"203519";"Parkway Shenton Pte Ltd";"8A Marina Boulevard";"#B2-76 Marina Bay Link Mall";"Singapore";"018984"
"200288";"Kong Kian Clinic - Dr Lau Bon Kwang";"187 Upper Paya Lebar Rd.";"";"Singapore";"534869"
"202626";"Stephen Chew Ctr For Kidney Disease & Hypertens";"820 Thomson Rd.";"#05-53 Mt Alvernia Medical Ctr(Blk D)";"Singapore";"574623"
"G70835";"NTUC Fairprice Co-Operative Ltd-PRX";"5 Joo Koon Circle";"#07-00";"Singapore";"629118"
"200110";"G & H Medical Clinic P/L- Dr Goh Cheng Hong";"Block 106 Yishun Ring Rd.";"#01-173";"Singapore";"760106"
"202002";"East Coast Family Clinic- Dr Kirankashyap";"121 Meyer Rd.";"#01-05 The Makena";"Singapore";"437932"
"201958";"Wen Lim Clinic For Women P/L- Dr Lim Yuin Wen";"820 Thomson Road,";"#08-65 Mt. Alvernia Medical Ctr D";"Singapore";"574623"
"201958";"Wen Lim Clinic For Women P/L- Dr Lim Yuin Wen";"820 Thomson Road,";"#08-65 Mt. Alvernia Medical Ctr D";"Singapore";"574623"
"200483";"Ping's Clinic & Surgery- Kwak Ping Lam";"Block 555 Ang Mo Kio Avenue 10";"#01-1974";"Singapore";"560555"
"201521";"Maurice Choo Clinic P/L- Dr Maurice Choo";"1 Farrer Park Station Road";"#07-07/08 Connexion";"Singapore";"217562"
"200404";"Nair Cardiac & Medical Ctr- Dr V P Nair";"3 Mount Elizabeth";"#16-08 Mt Elizabeth Medical Ctr.";"Singapore";"228510"
"201324";"JL Medical(Bkt Batok)P/L-Dr Janet Lee Yeng Fen";"Blk 413 Bkt Batok West Ave. 4";"#01-214";"Singapore";"650413"
"200330";"Lim Clinic - Dr Lim Wee Ni";"295 Changi Rd.";"";"Singapore";"419773"
"G03529";"Finest Health Medical Centre";"19 Lorong 7 Toa Payoh";"#01-268";"Singapore";"310019"
"200877";"Baldev Singh Cardiology Cl P/L- Dr Baldev Singh";"319 Joo Chiat Place";"#02-02 Parkway East Medical Ctr.";"Singapore";"427989"
"202553";"Drs Bain & Partner LLP";"1 Harbourfront Avenue";"#07-06 Keppel Bay Tower";"Singapore";"098632"
"203466";"Shenton Family Medical Clinic (Duxton)";"1 Cantonment Rd.";"#01-02 Pinnacle @ Duxton";"Singapore";"080001"
"201308";"Woodlands Family Clinic- Dr Tan Beng Teck";"Block 305 Woodlands St. 31";"#01-85";"Singapore";"730305"
"202684";"Leonard Koh Clinic Pte Ltd";"6 Napier Rd.";"#04-12 Gleneagles Medical Ctr.";"Singapore";"258499"
"100105";"National Heart Ctr Of Singapore Pte Ltd";"5 Hospital Drive (Pharmacy Dept)";"";"Singapore";"169609"
"203794";"The Harley Street Oncology Centre";"38 Irrawaddy Rd.";"#07-41 Mt Elizabeth Novena Spec Ctr";"Singapore";"329563"
"802792";"Bok Family Clinic - Dr Bok Teck Sun";"Block 117 Bedok Reservoir Rd.";"#01-58";"Singapore";"470117"
"D34170";"KK Tang BrainSpine Surgery";"38 Irrawaddy Road";"#10-28/29 Mt Elizabeth Novena Specialist";"Singapore";"329563"
"I11317";"ALPS Pte Ltd c/o FSS - Accounts Payables";"Bukit Merah Central Post Office";"PO Box 543";"Singapore";"911532"
"203065";"Icon Medical Clinic";"Block 517 Jurong West St. 52";"#01-101";"Singapore";"640517"
"202876";"Parkway Shenton P/L - HarbourFront";"1 HarbourFront Place";"#01-04 HarbourFront Tower One";"Singapore";"098633"
"901119";"Guardian H & B- 127 Paragon";"290 Orchard Rd.";"#B1-20/24 Paragon";"Singapore";"238859"
"201564";"Koo Cardiac Clinic- Dr Koo Chee Choong";"6 Napier Rd.";"#02-15 Gleneagles Medical Ctr.";"Singapore";"258499"
"F10123";"Adelphi Psych Medicine Clinic c/o Adelphi Psychiat";"Block 1 Coleman Street";"#04-32 The Adelphi";"Singapore";"179803"
"203748";"Dr BL Lim Ctr For Psychological Wellness P/L";"6 Napier Rd.";"#09-09 Gleneagles Medical Ctr.";"Singapore";"258499"
"D67530";"N B Tham Clinic Pte Ltd";"8 Whampoa Drive";"";"Singapore";"327718"
"D63831";"The Heart And Vascular Centre P/L";"3 Mount Elizabeth";"#08-06 Mount Elizabeth Medical Centre";"Singapore";"228510"
"201313";"Family Health Medical Ctr- Dr Vida Chou";"Block 226G Ang Mo Kio St. 22";"#01-681";"Singapore";"567226"
"F07210";"Q & M Medical Clinic (Bukit Batok)";"Blk 151 Bukit Batok Street";"#01-252";"Singapore";"650151"
"900228";"Guardian H & B-Warehouse (Tampines)";"21 Tampines North Drive 2";"#03-01";"Singapore";"528765"
"201895";"HL Clinic-Dr Sabrina Lim Seok Cheng";"Block 9 Telok Blangah Crescent";"#01-135";"Singapore";"090012"
"900453";"Guardian H & B- 086 Mount Elizabeth";"3 Mount Elizabeth";"#02-10/11 Mt Elizabeth Medical Ctr.";"Singapore";"228510"
"200323";"Liew Clinic & Surgery- Dr Liew Ah Kiong";"Block 116 Bukit Merah View";"#01-223";"Singapore";"151116"
"400032";"Pan-Malayan Pharmaceuticals Pte Ltd";"16 Tai Seng Street";"Level 4";"Singapore";"534138"
"902312";"Guardian H & B- 310 Novena Hospital";"38 Irrawaddy Rd.";"#01-08/09/10/11";"Singapore";"329563"
"H56468";"SMG Heart Centre Pte Ltd c/o Cardia Centre Interna";"3 Mount Elizabeth";"#07-04 Mount Elizabeth Medical Centre";"Singapore";"228510"
"202033";"Frontier Medical Associates(AMK)P/L";"Block 163 Ang Mo Kio Avenue 4";"#01-426";"Singapore";"560163"
"200631";"Charles Toh Clinic- Dr Toh Chai Soon Charles";"3 Mount Elizabeth";"#06-01/02 Mt Elizabeth Medical Ctr.";"Singapore";"228510"
"400143";"National Healthcare Group Pharmacy - Bukit Batok";"50 Bukit Batok West Ave 3";"";"Singapore";"659164"
"400153";"National University Hospital (S) Pte Ltd - Retail";"Lower Kent Ridge Rd.";"Pharmacy Department";"Singapore";"119074"
"902203";"Guardian H & B- 286 Clementi Mall";"3155 Commonwealth Avenue West";"#03-59/60/61 Clementi Mall";"Singapore";"129588"
"202257";"LD Heart Clinic Pte Ptd c/o LD Heart Clinic";"6A Napier Rd.";"#03-37A Gleneagles Hospital Annexe Blk";"Singapore";"258500"
"100030";"National University Hospital (S) Pte Ltd";"5 Lower Kent Ridge Rd.";"";"Singapore";"119074"
"201690";"Lifeline Bishan Medical Clinic P/L-Dr Goh Ming";"Block 501 Bishan St. 11";"#01-376";"Singapore";"570501"
"805040";"Drs Bain & Partners LLP";"1 Raffles Quay";"#09-03 One Raffles Quay North Tower";"Singapore";"048583"
"J44012";"Chung & Ee Medical Pte Ltd c/o Chung & Ee Medical";"Blk 10 Telok Blangah Crescent";"#01-151";"Singapore";"090010"
"200674";"Wong Clinic - Dr Wong Chin Heng";"Block 539 Bedok North St. 3";"#01-603";"Singapore";"460539"
"200865";"The Psychiatric & Behavioural Medicine Cl-Dr Ang P";"3 Mount Elizabeth";"#15-08 Mt Elizabeth Medical Ctr.";"Singapore";"228510"
"300007";"St Andrew's Community Hospital";"8 Simei St. 3";"";"Singapore";"529895"
"400032";"Pan-Malayan Pharmaceuticals Pte Ltd";"16 Tai Seng Street";"Level 4";"Singapore";"534138"
"201065";"T&T Family Health Clinic & Surgery- Dr Ting C M";"181 Kitchener Rd.";"#01-14 to 20 New ParkHotelShoppingArcade";"Singapore";"208533"
"202486";"Dr Grace P/L c/o Bishan Grace Clinic";"Block 150 Bishan St. 11";"#01-151";"Singapore";"570150"
"201564";"Koo Cardiac Clinic- Dr Koo Chee Choong";"6 Napier Rd.";"#02-15 Gleneagles Medical Ctr.";"Singapore";"258499"
"902171";"Guardian H & B- 283 Serangoon Nex";"23 Serangoon Central";"#B1-62/63 Serangoon Nex";"Singapore";"556083"
"400002";"A.M. Pharmacy (Pte) Ltd";"150 Orchard Rd.";"#04-06 Orchard Plaza";"Singapore";"238841"
"200887";"The Bonham Clinic P/L-Dr David Eu";"100 Peck Seah Street";"#11-16/17";"Singapore";"079333"
"400002";"A.M. Pharmacy (Pte) Ltd";"150 Orchard Rd.";"#04-06 Orchard Plaza";"Singapore";"238841"
"202315";"Raffles Hospital Pte Ltd";"585 North Bridge Rd.";"#07-00 Pharmacy Department";"Singapore";"188770"
"201219";"K K Tan Medical Clinic- Dr Tan Kok Kheng";"Block 284 Bishan St. 22";"#01-209";"Singapore";"570284"
"400032";"Pan-Malayan Pharmaceuticals Pte Ltd";"16 Tai Seng Street";"Level 4";"Singapore";"534138"
"H78789";"Jason Lim Endoscopy & Surgery (Novena)";"38 Irrawaddy Road";"#05-49 Mt E Novena Specialist Centre";"Singapore";"329563"
"400032";"Pan-Malayan Pharmaceuticals Pte Ltd";"16 Tai Seng Street";"Level 4";"Singapore";"534138"
"202667";"Charles Chan Heart Clinic Pte Ltd";"6 Napier Rd. Suite 02-02";"Gleneagles Medical Ctr.";"Singapore";"258499"
"201806";"Toh Guan Family Clinic- Dr Paul Hangchi";"Block 267A Toh Guan Rd.";"#01-02";"Singapore";"601267"
"200877";"Baldev Singh Cardiology Cl P/L- Dr Baldev Singh";"319 Joo Chiat Place";"#02-02 Parkway East Medical Ctr.";"Singapore";"427989"
"201960";"First Medical Ctr Pte Ltd -Dr Wang Joon Leong";"Block 169 Stirling Rd.";"#01-1165";"Singapore";"140169"
"200580";"Tan Medical Clinic P/L- Dr Tan Yong Teck";"Block 339 Ang Mo Kio Avenue 1";"#01-1583";"Singapore";"560339"
"200117";"HealthSprings Medical Associates";"541 Orchard Rd.";"#10-02 Liat Tower";"Singapore";"238881"
"200117";"HealthSprings Medical Associates";"541 Orchard Rd.";"#10-02 Liat Tower";"Singapore";"238881"
"400032";"Pan-Malayan Pharmaceuticals Pte Ltd";"16 Tai Seng Street";"Level 4";"Singapore";"534138"
"D64903";"Ng Teng Fong General Hospital";"No 1 Jurong East Street 21";"";"Singapore";"609606"
"202578";"Dawson Place Clinic- Dr Chan Hian Kiang";"Block 57 Dawson Rd.";"#02-03 Dawson Place";"Singapore";"142057"
"D67530";"N B Tham Clinic Pte Ltd";"8 Whampoa Drive";"";"Singapore";"327718"
"203679";"The Harley Street Heart Centre c/o The Harley Stre";"6 Napier Rd.";"#02-38/41 Gleneagles Hospital(Annex Blk)";"Singapore";"258500"
"200887";"The Bonham Clinic P/L-Dr David Eu";"100 Peck Seah Street";"#11-16/17";"Singapore";"079333"
"400141";"National Healthcare Grp Pharm.- Hougang";"89 Hougang Ave 4";"";"Singapore";"538829"
"G53342";"Cardiac Solutions Medical Centre c/o Rossdale Pte";"38 Irrawaddy Road";"#06-51/52 Mt Elizabeth Hospital Novena";"Singapore";"329563"
"202458";"The Heart Clinic- Dr Koh Siam Soon Philip";"3 Mount Elizabeth";"#13-15 Mt Elizabeth Medical Ctr.";"Singapore";"228510"
"203250";"Asian Heart & Vascular Ctr. Pte Ltd";"6A Napier Rd.";"#01-39 Gleneagles Hospital.";"Singapore";"258500"
"202684";"Leonard Koh Clinic Pte Ltd";"6 Napier Rd.";"#04-12 Gleneagles Medical Ctr.";"Singapore";"258499"
"201036";"Goh Clinic & Surgery- Dr Malcolm Goh Chin Liang";"Block 204 Hougang St. 21";"#01-101";"Singapore";"530204"
"201276";"Family Healthcare Cl & Surgery- Dr Cheng Soo Hong";"Block 523 Hougang Avenue 6";"#01-119";"Singapore";"530523"
"400050";"H C P Pte Ltd";"150 Orchard Road";"#04-06 Orchard Plaza";"Singapore";"238841"
"202458";"The Heart Clinic- Dr Koh Siam Soon Philip";"3 Mount Elizabeth";"#13-15 Mt Elizabeth Medical Ctr.";"Singapore";"228510"
"201330";"Family Health Clinic & Surgery P/L-Dr Wong Ted Min";"Block 2 Balestier Rd.";"#01-651 Balestier Hill Shopping Ctr";"Singapore";"320002"
"400032";"Pan-Malayan Pharmaceuticals Pte Ltd";"16 Tai Seng Street";"Level 4";"Singapore";"534138"
"201074";"Huan Clinic - Dr M W Huan";"Block 51 Chin Swee Rd.";"#03-111";"Singapore";"160051"
"200631";"Charles Toh Clinic- Dr Toh Chai Soon Charles";"3 Mount Elizabeth";"#06-01/02 Mt Elizabeth Medical Ctr.";"Singapore";"228510"
"D33669";"Arden Endocrinology Specialist Clinic Pte Ltd";"38 Irrawaddy Road";"#09-45/46 Mount Elizabeth Novena";"Singapore";"329563"
"202227";"Chan KM Geriatric & Medical Clinic P/L";"6 Napier Rd.";"#08-10 Gleneagles Medical Ctr.";"Singapore";"258499"
"200903";"Neo Clinic & Surgery- Dr Neo Eng Kiong";"Block 257 Bangkit Rd.";"#01-45";"Singapore";"670257"
"201208";"The Diabetes & Endocrine Clinic- Dr Tan Khai Tong";"3 Mount Elizabeth";"#15-18 Mt Elizabeth Medical Ctr.";"Singapore";"228510"
"201742";"K N Chin & Associates P/L- Dr Michel Foo S N";"3 Temasek Boulevard";"#02-400 Suntec City Mall";"Singapore";"038983"
"203466";"Shenton Family Medical Clinic (Duxton)";"1 Cantonment Rd.";"#01-02 Pinnacle @ Duxton";"Singapore";"080001"
"201324";"JL Medical(Bkt Batok)P/L-Dr Janet Lee Yeng Fen";"Blk 413 Bkt Batok West Ave. 4";"#01-214";"Singapore";"650413"
"805260";"E.J.Tan Clinic & Surgery- Dr Lim Chien Chuan";"Block 104 Jurong East St. 13";"#01-100";"Singapore";"600104"
"I06285";"Chinatown Inc Pte Ltd c/o Chinatown Wellness Clini";"Blk 531 Upper Cross Street";"#02-02 Hong Lim Complex";"Singapore";"050531"
"900228";"Guardian H & B-Warehouse (Tampines)";"21 Tampines North Drive 2";"#03-01";"Singapore";"528765"
"202683";"United Vision Holdings P/L";"c/o Healthmark Pioneer Mall Clinic";"638 Jurong West St 61 #02-08 PioneerMall";"Singapore";"640638"
"F07210";"Q & M Medical Clinic (Bukit Batok)";"Blk 151 Bukit Batok Street";"#01-252";"Singapore";"650151"
"203819";"Providence Clinic @REDHILL";"Blk 86 #01-596";"Rehill CloseProvidence Clinic";"Singapore";"150086"
"100342";"Alexandra Health Pte Ltd c/o Khoo Teck Puat Hospit";"";"90 Yishun Central";"Singapore";"768828"
"D63903";"Heart Matters Medical Centre PteLtd";"38 Irrawaddy Road";"#07-30 Mount. E Novena Specialist Ctr";"Singapore";"329563"
"201819";"Seasons Clinic - Dr Tan Ming Chun";"Block 844 Tampines St. 82";"#01-139";"Singapore";"520844"
"200784";"Adam Rd Medical Ctr-Dr Francis Ngui Dr.Francis Ngu";"559 Bukit Timah Rd.";"#01-02 King's Arcade";"Singapore";"269695"
"202973";"John Chiam Medical Clinic";"Block 21 Ghim Moh Rd.";"#01-145";"Singapore";"270021"
"D63903";"Heart Matters Medical Centre PteLtd";"38 Irrawaddy Road";"#07-30 Mount. E Novena Specialist Ctr";"Singapore";"329563"
"201520";"Susan Quek Heart Care Clinic- Dr Susan Quek";"3 Mount Elizabeth";"#15-14 Mt Elizabeth Medical Ctr.";"Singapore";"228510"
"202176";"W K Cheong Gastrointestinal & Liver Specialists PL";"3 Mount Elizabeth";"#14-03 Mt Elizabeth Medical Ctr.";"Singapore";"228510"
"H90158";"Healthway Medical Enterprises P/L c/o Nobel Heart";"38 Irrawaddy Road";"#07-31 Mt E Novena Specialist Centre";"Singapore";"329563"
"200598";"Teng Clinic - Dr Siah Kim Bin";"Block 171 Stirling Rd.";"#01-1101";"Singapore";"140171"
"200136";"Clifford Dispensary P/L";"77 Robinson Rd.";"#06-02 Robinson 77";"Singapore";"068896"
"H55908";"Starmed Specialist Centre Pte. Ltd. c/o Starmed Sp";"12 Farrer Park Station Road";"#05-01";"Singapore";"217565"
"G69451";"Apple Wellness Center Medical Services c/o Parkway";"2 Fusionopolis Way";"Innovis Building Level 2";"Singapore";"138634"
"201283";"Medical Union Clinic- Dr Wong Chee Min";"Block 211 Serangoon Avenue 4";"#01-04";"Singapore";"550211"
"100002";"Tan Tock Seng Hospital Pte Ltd";"Moulmein Rd.";"Pharmacy Dept";"Singapore";"308087"
"200803";"Orchard Group Clinic- Dr Tan Chin Lock";"545 Orchard Rd.";"#12-04 Far East Shopping Ctr.";"Singapore";"238882"
"900228";"Guardian H & B-Warehouse (Tampines)";"21 Tampines North Drive 2";"#03-01";"Singapore";"528765"
"400050";"H C P Pte Ltd";"150 Orchard Road";"#04-06 Orchard Plaza";"Singapore";"238841"
"400050";"H C P Pte Ltd";"150 Orchard Road";"#04-06 Orchard Plaza";"Singapore";"238841"
"202829";"E Medical Clinic & Surgery- Dr Darryl Chew Chee";"Block 639 Bukit Batok Central";"#01-34S";"Singapore";"650639"
"D63310";"Dr Foo Endocrine Pte Ltd c/o Specialist Endocrine";"1 Orchard Boulevard";"#04-03 Camden Medical Centre";"Singapore";"248649"
"I36357";"Mark Wong Surgery Pte Ltd c/o Mark Wong Surgery";"38 Irrawaddy Road";"#08-31 Mt E Novena Specialist Ctr";"Singapore";"329563"
"H58881";"The Harley Street Heart Ctr Novena c/o The Harley";"38 Irrawaddy Road";"#05-30 Mt Elizabeth Novena SpecialistCtr";"Singapore";"329563"
"201492";"Loyang Medical Ctr- Dr Leow Wei Aun";"Loyang Offshore Supply Base";"Loyang Crescent Box 5142";"Singapore";"508988"
"200631";"Charles Toh Clinic- Dr Toh Chai Soon Charles";"3 Mount Elizabeth";"#06-01/02 Mt Elizabeth Medical Ctr.";"Singapore";"228510"
"F19750";"Plushealth Medical Clinic & Surgery c/o Plus Healt";"89 Wampoa Drive";"#01-841";"Singapore";"320089"
"201231";"Teh Lip Bin Gastroenterology & Medical Clinic";"6 Napier Rd.";"#04-04 Gleneagles Medical Ctr.";"Singapore";"258499"
"200151";"Chiew Clinic P/L- Kenneth Y W Chiew Yuen Weng";"2 Kovan Rd.";"#01-09 Simon Plaza";"Singapore";"548008"
"501401";"P & L Pharmacy Pte Ltd";"19 Tanglin Rd.";"#01-40 Tanglin Shopping Ctr.";"Singapore";"247909"
"200829";"Hougang Clinic - Dr Chua Chong Li";"Block 631 Hougang Avenue 8";"#01-16";"Singapore";"530631"
"201506";"WM Wong Cardiac & Med Cl P/L- Dr Wong Wui Min";"6 Napier Rd.";"#10-10 Gleneagles Medical Ctr.";"Singapore";"258499"
"201074";"Huan Clinic - Dr M W Huan";"Block 51 Chin Swee Rd.";"#03-111";"Singapore";"160051"
"200874";"Bernard Ee Medical Ctr P/L- c/o Bernard Ee Cardiac";"6 Napier Rd.";"#03-05 Gleneagles Medical Ctr.";"Singapore";"258499"
"202464";"Central Clinic 24-HR Clinic(Hougang c/o CMI Health";"Block 681 Hougang Avenue 8";"#01-831CENTRAMED INTERN";"Singapore";"530681"
"202853";"Kevin Tan Clinic For Diabetes, Thyroid And Hormone";"3 Mount Elizabeth";"#13-07 Mt Elizabeth Medical Ctr.";"Singapore";"228510"
"200874";"Bernard Ee Medical Ctr P/L- c/o Bernard Ee Cardiac";"6 Napier Rd.";"#03-05 Gleneagles Medical Ctr.";"Singapore";"258499"
"J46846";"The Vascular & Inventional GroupP/L c/o Vascular &";"8 Sinaran Drive";"#06-16 to 19 Novena Specialist Centre";"Singapore";"307470"
"202315";"Raffles Hospital Pte Ltd";"585 North Bridge Rd.";"#07-00 Pharmacy Department";"Singapore";"188770"
"400153";"National University Hospital (S) Pte Ltd - Retail";"Lower Kent Ridge Rd.";"Pharmacy Department";"Singapore";"119074"
"805040";"Drs Bain & Partners LLP";"1 Raffles Quay";"#09-03 One Raffles Quay North Tower";"Singapore";"048583"
"805040";"Drs Bain & Partners LLP";"1 Raffles Quay";"#09-03 One Raffles Quay North Tower";"Singapore";"048583"
"202315";"Raffles Hospital Pte Ltd";"585 North Bridge Rd.";"#07-00 Pharmacy Department";"Singapore";"188770"
"400153";"National University Hospital (S) Pte Ltd - Retail";"Lower Kent Ridge Rd.";"Pharmacy Department";"Singapore";"119074"
"200698";"Yang & Yap Clinic & Surgery Pte Ltd";"Block 537 Bedok North St. 3";"#01-571";"Singapore";"460537"
"200404";"Nair Cardiac & Medical Ctr- Dr V P Nair";"3 Mount Elizabeth";"#16-08 Mt Elizabeth Medical Ctr.";"Singapore";"228510"
"900234";"Guardian H & B- 006 Parkway Parade";"80 Marine Parade Rd.";"#B1-84 Parkway Parade";"Singapore";"449269"
"100004";"Singapore General Hospital Pte Ltd";"2 Bukit Merah Central #11-01";"1FSS Pte Ltd";"Singapore";"159835"
"400032";"Pan-Malayan Pharmaceuticals Pte Ltd";"16 Tai Seng Street";"Level 4";"Singapore";"534138"
"400032";"Pan-Malayan Pharmaceuticals Pte Ltd";"16 Tai Seng Street";"Level 4";"Singapore";"534138"
"200178";"Drs Fernandez & Partners";"1 Grange Road";"#12-04 Orchard Building";"Singapore";"239693"
"203395";"ProHealth Medical Group @ Fernvale P/L";"33 Sengkang West Avenue";"#B1-18 The Seletar Mall";"Singapore";"797653"
"203196";"Prohealth Medical Group @ Buangkok P/L";"Block 275D Compassvale Link";"#01-01 (Unit 12)";"Singapore";"544275"
"201080";"Far East Med Practitioners P/L Drs M Goh/R Sadasiv";"545 Orchard Rd.";"#06-07 Far East Shopping Ctr.";"Singapore";"238882"
"201336";"Ar-Raudhah Medical Clinic & Surgery Pte Ltd";"Block 372 Bukit Batok St. 31";"#01-386";"Singapore";"650372"
"202315";"Raffles Hospital Pte Ltd";"585 North Bridge Rd.";"#07-00 Pharmacy Department";"Singapore";"188770"
"400032";"Pan-Malayan Pharmaceuticals Pte Ltd";"16 Tai Seng Street";"Level 4";"Singapore";"534138"
"203248";"The S'pore Gastroenterology & Liver Internist Ctr";"6A Napier Rd.";"#03-37 Gleneagles Hospital Annexe Blk";"Singapore";"258500"
"202227";"Chan KM Geriatric & Medical Clinic P/L";"6 Napier Rd.";"#08-10 Gleneagles Medical Ctr.";"Singapore";"258499"
"201520";"Susan Quek Heart Care Clinic- Dr Susan Quek";"3 Mount Elizabeth";"#15-14 Mt Elizabeth Medical Ctr.";"Singapore";"228510"
"203149";"Raffles Executive Medical Centre c/o Raffles Medic";"585 North Bridge Rd.";"#12-00 Raffles Hospital";"Singapore";"188770"
"E06288";"Restore Heart Centre";"Mt Alvernia Hosp, Medical Ctr D";"#07-52";"Singapore";"574623"
"900258";"Guardian H & B- 030 Northpoint";"930 Yishun Avenue 2";"#B1-02/03 North Point Shopping Ctr.";"Singapore";"769098"
"501806";"Apex Pharma Marketing Pte Ltd";"4 Loyang Way 1";"";"Singapore";"508708"
"400032";"Pan-Malayan Pharmaceuticals Pte Ltd";"16 Tai Seng Street";"Level 4";"Singapore";"534138"
"100004";"Singapore General Hospital Pte Ltd";"2 Bukit Merah Central #11-01";"1FSS Pte Ltd";"Singapore";"159835"
"202315";"Raffles Hospital Pte Ltd";"585 North Bridge Rd.";"#07-00 Pharmacy Department";"Singapore";"188770"
"201021";"CityMed Health Associates P/L-Dr Chan Suen Meng";"19 Keppel Rd.";"#01-01 Jit Poh Bldg. Ground Floor";"Singapore";"089058"
"203673";"Caring Family Clinic Pte Ltd";"Block 501 Jurong West St. 51";"#01-271";"Singapore";"640501"
"H61127";"The Clinic @ Marina One Pte Ltd c/o The Clinic Gro";"5 Straits View";"#01-07 Marina One The Heart";"Singapore";"018935"
"200920";"Lifeline Yishun Ring Medical Clinic P/L";"Block 846 Yishun Ring Rd.";"#01-3615";"Singapore";"760846"
"201742";"K N Chin & Associates P/L- Dr Michel Foo S N";"3 Temasek Boulevard";"#02-400 Suntec City Mall";"Singapore";"038983"
"200877";"Baldev Singh Cardiology Cl P/L- Dr Baldev Singh";"319 Joo Chiat Place";"#02-02 Parkway East Medical Ctr.";"Singapore";"427989"
"201336";"Ar-Raudhah Medical Clinic & Surgery Pte Ltd";"Block 372 Bukit Batok St. 31";"#01-386";"Singapore";"650372"
"H58881";"The Harley Street Heart Ctr Novena c/o The Harley";"38 Irrawaddy Road";"#05-30 Mt Elizabeth Novena SpecialistCtr";"Singapore";"329563"
"202315";"Raffles Hospital Pte Ltd";"585 North Bridge Rd.";"#07-00 Pharmacy Department";"Singapore";"188770"
"201828";"Raffles Medical Group Ltd";"Block 259 Pasir Ris St. 21";"#02-33";"Singapore";"510259"
"D33670";"Family Medicine Clinic Chinatown";"133 New Bridge Road";"#02-09 Chinatown Point";"Singapore";"059413"
"E70298";"Crawfurd Medical Centre Pte Ltd";"3 Temasek Boulevard";"#02-482 Suntec City Mall";"Singapore";"038983"
"400194";"Alliance Pharm Pte Ltd";"25 Bukit Batok Crescent";"#07-04/05/06, The Elitist";"Singapore";"658066"
"200288";"Kong Kian Clinic - Dr Lau Bon Kwang";"187 Upper Paya Lebar Rd.";"";"Singapore";"534869"
"100002";"Tan Tock Seng Hospital Pte Ltd";"Moulmein Rd.";"Pharmacy Dept";"Singapore";"308087"
"201467";"Khoo Family Clinic & Surgery-Dr Vincent Leong WS";"Block 2 Beach Rd.";"#01-4781";"Singapore";"190002"
"202227";"Chan KM Geriatric & Medical Clinic P/L";"6 Napier Rd.";"#08-10 Gleneagles Medical Ctr.";"Singapore";"258499"
"200110";"G & H Medical Clinic P/L- Dr Goh Cheng Hong";"Block 106 Yishun Ring Rd.";"#01-173";"Singapore";"760106"
"203679";"The Harley Street Heart Centre c/o The Harley Stre";"6 Napier Rd.";"#02-38/41 Gleneagles Hospital(Annex Blk)";"Singapore";"258500"
"200401";"The Ming Clinic";"1 Orchard Boulevard";"#04-01/02 Camden Medical Ctr.";"Singapore";"248649"
"202458";"The Heart Clinic- Dr Koh Siam Soon Philip";"3 Mount Elizabeth";"#13-15 Mt Elizabeth Medical Ctr.";"Singapore";"228510"
"400050";"H C P Pte Ltd";"150 Orchard Road";"#04-06 Orchard Plaza";"Singapore";"238841"
"900453";"Guardian H & B- 086 Mount Elizabeth";"3 Mount Elizabeth";"#02-10/11 Mt Elizabeth Medical Ctr.";"Singapore";"228510"
"200140";"Yio Chu Kang MRT Clinic P/L- Dr Terence Koh";"Block 635 Ang Mo Kio Avenue 6";"#01-5125";"Singapore";"560635"
"I16788";"Nee Soon Clinic And Surgery Pte Ltd c/o Nee Soon C";"Blk 779 Yishun Ave 2";"#01-1547";"Singapore";"760779"
"201750";"Bethesda Medical Ctr P/L- Dr Stephen Tong";"3 Temasek Boulevard";"#03-330 Suntec City Mall";"Singapore";"038983"
"400002";"A.M. Pharmacy (Pte) Ltd";"150 Orchard Rd.";"#04-06 Orchard Plaza";"Singapore";"238841"
"203502";"Dr Jiten & Caroline Medical Ctr + X-ray";"10 Jalan Serene";"#02-01/02 Serene Ctr.";"Singapore";"258748"
"201742";"K N Chin & Associates P/L- Dr Michel Foo S N";"3 Temasek Boulevard";"#02-400 Suntec City Mall";"Singapore";"038983"
"203478";"Lim Ing Haan Cardiology Pte Ltd";"3 Mount Elizabeth";"#04-02 Mt Elizabeth Medical Ctr.";"Singapore";"228510"
"200483";"Ping's Clinic & Surgery- Kwak Ping Lam";"Block 555 Ang Mo Kio Avenue 10";"#01-1974";"Singapore";"560555"
"201059";"S G Clinic Family Practice- Dr Suresh Mahtani";"84 Serangoon Garden Way";"";"Singapore";"555980"
"201666";"Parkway Shenton Pte Ltd";"10 Anson Rd.";"#36-01 International Plaza";"Singapore";"079903"
"200674";"Wong Clinic - Dr Wong Chin Heng";"Block 539 Bedok North St. 3";"#01-603";"Singapore";"460539"
"800011";"Lee Clinic - Dr Priscilla Lim";"Block 123 Bedok North St. 2";"#01-156";"Singapore";"460123"
"200483";"Ping's Clinic & Surgery- Kwak Ping Lam";"Block 555 Ang Mo Kio Avenue 10";"#01-1974";"Singapore";"560555"
"I11317";"ALPS Pte Ltd c/o FSS - Accounts Payables";"Bukit Merah Central Post Office";"PO Box 543";"Singapore";"911532"
"203809";"Parkway Shenton P/L- Dr Ong Li Ling";"90 Bras Basah";"#B1-02 Esplanade MRT Stat.";"Singapore";"189562"
"201059";"S G Clinic Family Practice- Dr Suresh Mahtani";"84 Serangoon Garden Way";"";"Singapore";"555980"
"200557";"Tampines Clinic & Surgery P/L-Dr Ang Ee Leong";"Block 139 Tampines St. 11";"#01-10";"Singapore";"521139"
"201564";"Koo Cardiac Clinic- Dr Koo Chee Choong";"6 Napier Rd.";"#02-15 Gleneagles Medical Ctr.";"Singapore";"258499"
"202106";"Everhealth Family Clinic & Surgery";"Block 762 Jurong West St. 75";"#01-290 Gek Poh Shopping Ctr.";"Singapore";"640762"
"203748";"Dr BL Lim Ctr For Psychological Wellness P/L";"6 Napier Rd.";"#09-09 Gleneagles Medical Ctr.";"Singapore";"258499"
"G70835";"NTUC Fairprice Co-Operative Ltd-PRX";"5 Joo Koon Circle";"#07-00";"Singapore";"629118"
"300002";"Parkway Hospitals (S) Pte Ltd c/o Gleneagles Hospi";"Tower 5 , Connection One";"Blk 167 Jalan Bukit Merah #16-10";"Singapore";"150167"
"201313";"Family Health Medical Ctr- Dr Vida Chou";"Block 226G Ang Mo Kio St. 22";"#01-681";"Singapore";"567226"
"900435";"Guardian H & B- 079 West Mall";"1 Bukit Batok Central Link";"#01-27 West Mall Shopping Ctr.";"Singapore";"658713"
"100165";"National Cancer Ctr Pte Ltd";"11 Hospital Drive";"Level 1(CD), Level 3(Pharm) Level 4(MMD)";"Singapore";"169610"
"202315";"Raffles Hospital Pte Ltd";"585 North Bridge Rd.";"#07-00 Pharmacy Department";"Singapore";"188770"
"F11520";"Guardian H & B - 339 Tiong Bahru Plaza";"302 Tiong Bahru Road";"#B1-125 Tiong Bahru Plaza";"Singapore";"168732"
"200323";"Liew Clinic & Surgery- Dr Liew Ah Kiong";"Block 116 Bukit Merah View";"#01-223";"Singapore";"151116"
"201473";"Familycare Clinic And Surgery- Dr Soo Ing Choong";"Block 85C Lorong 4 Toa Payoh";"#01-380";"Singapore";"313085"
"200784";"Adam Rd Medical Ctr-Dr Francis Ngui Dr.Francis Ngu";"559 Bukit Timah Rd.";"#01-02 King's Arcade";"Singapore";"269695"
"201080";"Far East Med Practitioners P/L Drs M Goh/R Sadasiv";"545 Orchard Rd.";"#06-07 Far East Shopping Ctr.";"Singapore";"238882"
"200631";"Charles Toh Clinic- Dr Toh Chai Soon Charles";"3 Mount Elizabeth";"#06-01/02 Mt Elizabeth Medical Ctr.";"Singapore";"228510"
"202092";"YSL Bedok(24 HR) Clinic Surgery- Dr Lau Boon Kwang";"Block 539 Bedok North St. 3";"#01-631";"Singapore";"460539"
"201080";"Far East Med Practitioners P/L Drs M Goh/R Sadasiv";"545 Orchard Rd.";"#06-07 Far East Shopping Ctr.";"Singapore";"238882"
"203489";"Nexus Surgical Associates Pte Ltd";"3 Mount Elizabeth";"#08-06 Mt Elizabeth Medical Ctr.";"Singapore";"228510"
"400050";"H C P Pte Ltd";"150 Orchard Road";"#04-06 Orchard Plaza";"Singapore";"238841"
"202257";"LD Heart Clinic Pte Ptd c/o LD Heart Clinic";"6A Napier Rd.";"#03-37A Gleneagles Hospital Annexe Blk";"Singapore";"258500"
"200401";"The Ming Clinic";"1 Orchard Boulevard";"#04-01/02 Camden Medical Ctr.";"Singapore";"248649"
"400032";"Pan-Malayan Pharmaceuticals Pte Ltd";"16 Tai Seng Street";"Level 4";"Singapore";"534138"
"100030";"National University Hospital (S) Pte Ltd";"5 Lower Kent Ridge Rd.";"";"Singapore";"119074"
"203115";"TCI Cardiology Pte Ltd c/o Novena Heart Ctr";"38 Irrawaddy Road";"#07-56/57/58/59 Mt E Novena Spec Ctr";"Singapore";"329563"
"200674";"Wong Clinic - Dr Wong Chin Heng";"Block 539 Bedok North St. 3";"#01-603";"Singapore";"460539"
"201905";"Khoo Clinic & Surgery- Dr Khoo Ah Chew";"998 Upper Serangoon Rd.";"";"Singapore";"534737"
"E05595";"The Clinic @ Capitagreen c/o The Clinic @ Capitagr";"138 Market Street";"#02-01A";"Singapore";"048946"
"400127";"Alchemy Pharmacy";"Blk 258 Pasir Ris Street 21";"#01-14 Loyang Point";"Singapore";"510258"
"202550";"Mission Medical Clinic- Dr Leong Choon Kit";"780 Upper Serangoon Rd.";"#01-01";"Singapore";"534649"
"202873";"KS Ng Cardiology Pte Ltd c/o Heart & Arrhythmia Sp";"6 Napier Road";"#03-04 Gleneagles Medical Ctr";"Singapore";"258499"
"202873";"KS Ng Cardiology Pte Ltd c/o Heart & Arrhythmia Sp";"6 Napier Road";"#03-04 Gleneagles Medical Ctr";"Singapore";"258499"
"D63754";"The Heart Doctors Pte Ltd";"820 Thomson Road";"#05-56 Medical Centre D, Mt Alvernia";"Singapore";"574623"
"400002";"A.M. Pharmacy (Pte) Ltd";"150 Orchard Rd.";"#04-06 Orchard Plaza";"Singapore";"238841"
"200887";"The Bonham Clinic P/L-Dr David Eu";"100 Peck Seah Street";"#11-16/17";"Singapore";"079333"
"200887";"The Bonham Clinic P/L-Dr David Eu";"100 Peck Seah Street";"#11-16/17";"Singapore";"079333"
"100030";"National University Hospital (S) Pte Ltd";"5 Lower Kent Ridge Rd.";"";"Singapore";"119074"
"501160";"HUB Medical Drugstore Pte Ltd";"8 Kaki Bukit Rd. 2";"#04-29 Ruby Warehouse Comp";"Singapore";"417841"
"100030";"National University Hospital (S) Pte Ltd";"5 Lower Kent Ridge Rd.";"";"Singapore";"119074"
"203489";"Nexus Surgical Associates Pte Ltd";"3 Mount Elizabeth";"#08-06 Mt Elizabeth Medical Ctr.";"Singapore";"228510"
"G70835";"NTUC Fairprice Co-Operative Ltd-PRX";"5 Joo Koon Circle";"#07-00";"Singapore";"629118"
"900262";"";"Block 210 New Upper Changi Rd.";"#01-715";"Singapore";"460210"
"201806";"Toh Guan Family Clinic- Dr Paul Hangchi";"Block 267A Toh Guan Rd.";"#01-02";"Singapore";"601267"
"202683";"United Vision Holdings P/L";"c/o Healthmark Pioneer Mall Clinic";"638 Jurong West St 61 #02-08 PioneerMall";"Singapore";"640638"
"201742";"K N Chin & Associates P/L- Dr Michel Foo S N";"3 Temasek Boulevard";"#02-400 Suntec City Mall";"Singapore";"038983"
"202683";"United Vision Holdings P/L";"c/o Healthmark Pioneer Mall Clinic";"638 Jurong West St 61 #02-08 PioneerMall";"Singapore";"640638"
"201319";"B S Chew Clinic - Dr Chew Ban Soon";"Block 252 Jurong East St. 24";"#01-109";"Singapore";"600252"
"202162";"First Care Family Clinic- Dr Low Chin Yong";"Block 253 Jurong East St. 24";"#01-257";"Singapore";"600253"
"202683";"United Vision Holdings P/L";"c/o Healthmark Pioneer Mall Clinic";"638 Jurong West St 61 #02-08 PioneerMall";"Singapore";"640638"
"202578";"Dawson Place Clinic- Dr Chan Hian Kiang";"Block 57 Dawson Rd.";"#02-03 Dawson Place";"Singapore";"142057"
"400156";"Tan Tock Seng Hospital Pte Ltd Retail Pharmacy";"Moulmein Rd.";"Singapore";"Singapore";"308087"
"200653";"NUS-University Health Ctr - University Health Ctr.";"20 Lower Kent Ridge Road,";"Level 1";"Singapore";"119080"
"203679";"The Harley Street Heart Centre c/o The Harley Stre";"6 Napier Rd.";"#02-38/41 Gleneagles Hospital(Annex Blk)";"Singapore";"258500"
"200887";"The Bonham Clinic P/L-Dr David Eu";"100 Peck Seah Street";"#11-16/17";"Singapore";"079333"
"400002";"A.M. Pharmacy (Pte) Ltd";"150 Orchard Rd.";"#04-06 Orchard Plaza";"Singapore";"238841"
"D63903";"Heart Matters Medical Centre PteLtd";"38 Irrawaddy Road";"#07-30 Mount. E Novena Specialist Ctr";"Singapore";"329563"
"D63903";"Heart Matters Medical Centre PteLtd";"38 Irrawaddy Road";"#07-30 Mount. E Novena Specialist Ctr";"Singapore";"329563"
"F21410";"Guardian H&B- 341 The Centrepoint";"176 Orchard Road";"B1-01/02/03/04 The Centrepoint";"Singapore";"238843"
"203418";"International Child & Adolescent Clinic";"ICAC Specialist Pte Ltd Mt Alvernia";"820 Thomson Rd #08-56/57 (Medical Ctr D)";"Singapore";"574623"
"201036";"Goh Clinic & Surgery- Dr Malcolm Goh Chin Liang";"Block 204 Hougang St. 21";"#01-101";"Singapore";"530204"
"201968";"Y S Lau Cardiology Clinic P/L-Dr Lau Yung Sang";"820 Thomson Rd.";"#06-69 Mt Alvernia Medical Ctr D";"Singapore";"574623"
"400050";"H C P Pte Ltd";"150 Orchard Road";"#04-06 Orchard Plaza";"Singapore";"238841"
"201324";"JL Medical(Bkt Batok)P/L-Dr Janet Lee Yeng Fen";"Blk 413 Bkt Batok West Ave. 4";"#01-214";"Singapore";"650413"
"201330";"Family Health Clinic & Surgery P/L-Dr Wong Ted Min";"Block 2 Balestier Rd.";"#01-651 Balestier Hill Shopping Ctr";"Singapore";"320002"
"200971";"Kusuma Lee Clinic & Surgery For Women P/L";"304 Orchard Rd.";"#06-51 Lucky Plaza";"Singapore";"238863"
"E06288";"Restore Heart Centre";"Mt Alvernia Hosp, Medical Ctr D";"#07-52";"Singapore";"574623"
"200891";"Street 21 Clinic Tampines Pte Ltd Dr Gan Tek Kah";"Block 201B Tampines St. 21";"#02-1097";"Singapore";"522201"
"100342";"Alexandra Health Pte Ltd c/o Khoo Teck Puat Hospit";"";"90 Yishun Central";"Singapore";"768828"
"203466";"Shenton Family Medical Clinic (Duxton)";"1 Cantonment Rd.";"#01-02 Pinnacle @ Duxton";"Singapore";"080001"
"200698";"Yang & Yap Clinic & Surgery Pte Ltd";"Block 537 Bedok North St. 3";"#01-571";"Singapore";"460537"
"201208";"The Diabetes & Endocrine Clinic- Dr Tan Khai Tong";"3 Mount Elizabeth";"#15-18 Mt Elizabeth Medical Ctr.";"Singapore";"228510"
"D66827";"Saint Julien Clinical Associates P/L c/o Saint Jul";"820 Thomson Road";"#05-58 Mount Alvernia Hosp Medical Ctr D";"Singapore";"574623"
"203466";"Shenton Family Medical Clinic (Duxton)";"1 Cantonment Rd.";"#01-02 Pinnacle @ Duxton";"Singapore";"080001"
"200865";"The Psychiatric & Behavioural Medicine Cl-Dr Ang P";"3 Mount Elizabeth";"#15-08 Mt Elizabeth Medical Ctr.";"Singapore";"228510"
"F20613";"The Clinic @ Business City c/o The Clinic @ Busine";"20 Pasir Panjang Road";"#02-26 Maple Tree Business City";"Singapore";"117439"
"300040";"St. Luke's Hospital";"2 Bukit Batok St. 11";"Singapore";"Singapore";"659674"
"501401";"P & L Pharmacy Pte Ltd";"19 Tanglin Rd.";"#01-40 Tanglin Shopping Ctr.";"Singapore";"247909"
"200246";"Japan Clinic & Surgery- Dr Chee Weng Sun";"Block 802 French Rd.";"#01-55";"Singapore";"200802"
"200246";"Japan Clinic & Surgery- Dr Chee Weng Sun";"Block 802 French Rd.";"#01-55";"Singapore";"200802"
"202188";"Central (Clinic + Surgery) Marine Parade";"Block 81 Marine Parade Central";"#01-630";"Singapore";"440081"
"900990";"Guardian H & B- 101 Bishan Junction";"9 Bishan Place";"#B1-08 Junction 8 Shopping Ctr.";"Singapore";"579837"
"201819";"Seasons Clinic - Dr Tan Ming Chun";"Block 844 Tampines St. 82";"#01-139";"Singapore";"520844"
"202683";"United Vision Holdings P/L";"c/o Healthmark Pioneer Mall Clinic";"638 Jurong West St 61 #02-08 PioneerMall";"Singapore";"640638"
"100004";"Singapore General Hospital Pte Ltd";"2 Bukit Merah Central #11-01";"1FSS Pte Ltd";"Singapore";"159835"
"202973";"John Chiam Medical Clinic";"Block 21 Ghim Moh Rd.";"#01-145";"Singapore";"270021"
"D63903";"Heart Matters Medical Centre PteLtd";"38 Irrawaddy Road";"#07-30 Mount. E Novena Specialist Ctr";"Singapore";"329563"
"400001";"Alcare Pharmaceuticals Pte Ltd";"12A Jalan Ampas";"#03-03 Balestier Warehouse";"Singapore";"329516"
"202458";"The Heart Clinic- Dr Koh Siam Soon Philip";"3 Mount Elizabeth";"#13-15 Mt Elizabeth Medical Ctr.";"Singapore";"228510"
"200136";"Clifford Dispensary P/L";"77 Robinson Rd.";"#06-02 Robinson 77";"Singapore";"068896"
"400032";"Pan-Malayan Pharmaceuticals Pte Ltd";"16 Tai Seng Street";"Level 4";"Singapore";"534138"
"200653";"NUS-University Health Ctr - University Health Ctr.";"20 Lower Kent Ridge Road,";"Level 1";"Singapore";"119080"
"200590";"Teban Garden Clinic-Dr Chew Pin Kee";"Block 61 Teban Garden Rd.";"#01-01 Teban Place";"Singapore";"600061"
"202871";"Healthway Compassvale Clinic c/o Healthway Medical";"Block 267 Compassvale Link";"#01-04";"Singapore";"540267"
"200136";"Clifford Dispensary P/L";"77 Robinson Rd.";"#06-02 Robinson 77";"Singapore";"068896"
"201940";"Healthway Medical Group Pte Ltd c/o Healthway Medi";"Block 710 Tampines St. 71";"#01-134";"Singapore";"520710"
"202263";"Stomach, Liver & Bowel Clinic";"6A Napier Rd.";"#05-37 Gleneagles Hospital Annexe Blk";"Singapore";"258500"
"400050";"H C P Pte Ltd";"150 Orchard Road";"#04-06 Orchard Plaza";"Singapore";"238841"
"D67530";"N B Tham Clinic Pte Ltd";"8 Whampoa Drive";"";"Singapore";"327718"
"202829";"E Medical Clinic & Surgery- Dr Darryl Chew Chee";"Block 639 Bukit Batok Central";"#01-34S";"Singapore";"650639"
"I36357";"Mark Wong Surgery Pte Ltd c/o Mark Wong Surgery";"38 Irrawaddy Road";"#08-31 Mt E Novena Specialist Ctr";"Singapore";"329563"
"200670";"Winstedt Clinic - Dr S L Sarma";"51 Upper Weld Rd.";"(Little India)";"Singapore";"207408"
"900258";"Guardian H & B- 030 Northpoint";"930 Yishun Avenue 2";"#B1-02/03 North Point Shopping Ctr.";"Singapore";"769098"
"200616";"Drs Thompson & Thomson(Radlink Medicare)P/L";"24 Raffles Place";"#02-08 Clifford Ctr.";"Singapore";"048621"
"300002";"Parkway Hospitals (S) Pte Ltd c/o Gleneagles Hospi";"Tower 5 , Connection One";"Blk 167 Jalan Bukit Merah #16-10";"Singapore";"150167"
"203388";"The Psychological Wellness Ctr.";"101 Irrawaddy Road";"#13-07 Royal Square At Novena";"Singapore";"329565"
"201231";"Teh Lip Bin Gastroenterology & Medical Clinic";"6 Napier Rd.";"#04-04 Gleneagles Medical Ctr.";"Singapore";"258499"
"200151";"Chiew Clinic P/L- Kenneth Y W Chiew Yuen Weng";"2 Kovan Rd.";"#01-09 Simon Plaza";"Singapore";"548008"
"200874";"Bernard Ee Medical Ctr P/L- c/o Bernard Ee Cardiac";"6 Napier Rd.";"#03-05 Gleneagles Medical Ctr.";"Singapore";"258499"
"200829";"Hougang Clinic - Dr Chua Chong Li";"Block 631 Hougang Avenue 8";"#01-16";"Singapore";"530631"
"201506";"WM Wong Cardiac & Med Cl P/L- Dr Wong Wui Min";"6 Napier Rd.";"#10-10 Gleneagles Medical Ctr.";"Singapore";"258499"
"G53519";"Atlas Medical (Pte Ltd) c/o Atlas Pacific Medical";"428 River Valley Road";"#01-10 Loft @ Nathan";"Singapore";"248327"
"200483";"Ping's Clinic & Surgery- Kwak Ping Lam";"Block 555 Ang Mo Kio Avenue 10";"#01-1974";"Singapore";"560555"
"202853";"Kevin Tan Clinic For Diabetes, Thyroid And Hormone";"3 Mount Elizabeth";"#13-07 Mt Elizabeth Medical Ctr.";"Singapore";"228510"
"202464";"Central Clinic 24-HR Clinic(Hougang c/o CMI Health";"Block 681 Hougang Avenue 8";"#01-831CENTRAMED INTERN";"Singapore";"530681"
"203806";"The Endocrine Clinic @ Novena P/L";"38 Irrawaddy Rd.";"#08-55/56/57 Mt Elizabeth Novena";"Singapore";"329563"
"901812";"UNITY By FairPrice - PSG Plaza Singapura PSG";"68 Orchard Rd.";"#B2-20A Plaza Singapura";"Singapore";"238839"
"400032";"Pan-Malayan Pharmaceuticals Pte Ltd";"16 Tai Seng Street";"Level 4";"Singapore";"534138"
"901119";"Guardian H & B- 127 Paragon";"290 Orchard Rd.";"#B1-20/24 Paragon";"Singapore";"238859"
"203248";"The S'pore Gastroenterology & Liver Internist Ctr";"6A Napier Rd.";"#03-37 Gleneagles Hospital Annexe Blk";"Singapore";"258500"
"400032";"Pan-Malayan Pharmaceuticals Pte Ltd";"16 Tai Seng Street";"Level 4";"Singapore";"534138"
"400153";"National University Hospital (S) Pte Ltd - Retail";"Lower Kent Ridge Rd.";"Pharmacy Department";"Singapore";"119074"
"200223";"Ho Medical Ctr. P/L - Dr Paul Ho";"Block 352 Clementi Avenue 2";"#01-115";"Singapore";"120352"
"200987";"Central Medical Group P/L- Dr Lim Geok Leong";"Block 11 Jalan Bukit Merah";"#01-4442";"Singapore";"150011"
"400032";"Pan-Malayan Pharmaceuticals Pte Ltd";"16 Tai Seng Street";"Level 4";"Singapore";"534138"
"201653";"K.B. Tan Clinic & Surgery- Dr Tan Kok Beng";"Block 625 Elias Rd.";"#01-310";"Singapore";"510625"
"D64903";"Ng Teng Fong General Hospital";"No 1 Jurong East Street 21";"";"Singapore";"609606"
"E03119";"Medivene Holdings Pte Ltd c/o Medivene Clinic & Su";"330 Anchorvale Street";"#01-05";"Singapore";"540330"
"201384";"Public Medical Clinic & Surgery- Dr Wong Choo Mok";"Block 664 Yishun Avenue 4";"#01-275";"Singapore";"760664"
"400050";"H C P Pte Ltd";"150 Orchard Road";"#04-06 Orchard Plaza";"Singapore";"238841"
"G04529";"Dr Matthew Tan Diabetes And Endocrine Care";"1 Farrer Park Station Road";"#11-01 Connexion";"Singapore";"217562"
"400032";"Pan-Malayan Pharmaceuticals Pte Ltd";"16 Tai Seng Street";"Level 4";"Singapore";"534138"
"400032";"Pan-Malayan Pharmaceuticals Pte Ltd";"16 Tai Seng Street";"Level 4";"Singapore";"534138"
"200807";"S.K. Tay Clinic & Surgery- Dr Tay Soi Kheng";"Block 827 Tampines St. 81";"Along Avenue 3 #01-140";"Singapore";"520827"
"201236";"Peter Yan Medical Services P/L c/o Peter Yan Cardi";"6 Napier Rd.";"#04-10 Gleneagles Medical Ctr.";"Singapore";"258499"
"200891";"Street 21 Clinic Tampines Pte Ltd Dr Gan Tek Kah";"Block 201B Tampines St. 21";"#02-1097";"Singapore";"522201"
"H61127";"The Clinic @ Marina One Pte Ltd c/o The Clinic Gro";"5 Straits View";"#01-07 Marina One The Heart";"Singapore";"018935"
"200223";"Ho Medical Ctr. P/L - Dr Paul Ho";"Block 352 Clementi Avenue 2";"#01-115";"Singapore";"120352"
"200987";"Central Medical Group P/L- Dr Lim Geok Leong";"Block 11 Jalan Bukit Merah";"#01-4442";"Singapore";"150011"
"300005";"Mount Alvernia Hospital";"820 Thomson Rd.";"Pharmacy Department";"Singapore";"574623"
"D65851";"Vivien Lim Endocrinology Specialist Centre Pte Ltd";"6 Napier Road";"#03-17/18 Gleneagles Medical Centre";"Singapore";"258499"
"000396";"PCS Medical Ctr.";"100 Ayer Merbau Rd.";"";"Singapore";"628277"
"000396";"PCS Medical Ctr.";"100 Ayer Merbau Rd.";"";"Singapore";"628277"
"E03119";"Medivene Holdings Pte Ltd c/o Medivene Clinic & Su";"330 Anchorvale Street";"#01-05";"Singapore";"540330"
"I11317";"ALPS Pte Ltd c/o FSS - Accounts Payables";"Bukit Merah Central Post Office";"PO Box 543";"Singapore";"911532"
"000396";"PCS Medical Ctr.";"100 Ayer Merbau Rd.";"";"Singapore";"628277"
"J46846";"The Vascular & Inventional GroupP/L c/o Vascular &";"8 Sinaran Drive";"#06-16 to 19 Novena Specialist Centre";"Singapore";"307470"
"202670";"Ruth Kam Heart And Arrhythmia Clinic- Dr Ruth Kam";"1 Farrer Park Station Road";"#07-11Connexion, Farrer Park Medical Ctr";"Singapore";"217562"
"900643";"Watson's PCS- Jurong Pt.";"1 Jurong West Central 2";"#B1-12 Jurong Point Shopping Ctr.";"Singapore";"648886"
"805040";"Drs Bain & Partners LLP";"1 Raffles Quay";"#09-03 One Raffles Quay North Tower";"Singapore";"048583"
"805040";"Drs Bain & Partners LLP";"1 Raffles Quay";"#09-03 One Raffles Quay North Tower";"Singapore";"048583"
"200863";"Mary Medical Clinic & Surgery-Dr Mary Yao Wan Hwa";"Block 252 Jurong East St. 24";"#01-157";"Singapore";"600252"
"202853";"Kevin Tan Clinic For Diabetes, Thyroid And Hormone";"3 Mount Elizabeth";"#13-07 Mt Elizabeth Medical Ctr.";"Singapore";"228510"
"800011";"Lee Clinic - Dr Priscilla Lim";"Block 123 Bedok North St. 2";"#01-156";"Singapore";"460123"
"200089";"Chew Da Costa Pte Ltd - Dr J L Da costa";"1 Grange Rd.";"#10-11 Orchard Bldg.";"Singapore";"239693"
"501401";"P & L Pharmacy Pte Ltd";"19 Tanglin Rd.";"#01-40 Tanglin Shopping Ctr.";"Singapore";"247909"
"300006";"Parkway Hospitals (S) Pte Ltd c/o Mount Elizabeth";"Tower 5, Connection One";"Blk 167 Jalan Bukit Merah #16-10";"Singapore";"150167"
"400032";"Pan-Malayan Pharmaceuticals Pte Ltd";"16 Tai Seng Street";"Level 4";"Singapore";"534138"
"203514";"Raffles Medical Grp Ltd- Serangoon Central";"23 Serangoon Central";"#B2-01 Nex";"Singapore";"556083"
"202106";"Everhealth Family Clinic & Surgery";"Block 762 Jurong West St. 75";"#01-290 Gek Poh Shopping Ctr.";"Singapore";"640762"
"400002";"A.M. Pharmacy (Pte) Ltd";"150 Orchard Rd.";"#04-06 Orchard Plaza";"Singapore";"238841"
"200305";"Lee Clinic & Surgery- Dr Lee Keen Khuen";"Block 333 Kreta Ayer Rd.";"#01-20";"Singapore";"080333"
"202315";"Raffles Hospital Pte Ltd";"585 North Bridge Rd.";"#07-00 Pharmacy Department";"Singapore";"188770"
"201336";"Ar-Raudhah Medical Clinic & Surgery Pte Ltd";"Block 372 Bukit Batok St. 31";"#01-386";"Singapore";"650372"
"900228";"Guardian H & B-Warehouse (Tampines)";"21 Tampines North Drive 2";"#03-01";"Singapore";"528765"
"202315";"Raffles Hospital Pte Ltd";"585 North Bridge Rd.";"#07-00 Pharmacy Department";"Singapore";"188770"
"201276";"Family Healthcare Cl & Surgery- Dr Cheng Soo Hong";"Block 523 Hougang Avenue 6";"#01-119";"Singapore";"530523"
"203459";"EH Heart Specialist P/L- Dr Eric Hong";"3 Mount Elizabeth";"#03-09 Mt Elizabeth Medical Ctr.";"Singapore";"228510"
"202227";"Chan KM Geriatric & Medical Clinic P/L";"6 Napier Rd.";"#08-10 Gleneagles Medical Ctr.";"Singapore";"258499"
"201420";"Lifecare Family Clinic & Surgery-Dr Seng Tee Kiat";"Block 106 Hougang Avenue 1";"#01-1221";"Singapore";"530106"
"G24528";"Metta Medical Centre Pte Ltd";"3 Mount Elizabeth";"#11-15 Mount Elizabeth Medical Ctr";"Singapore";"228510"
"I99892";"Leslie Tay Heart Specialist Pte Ltd Mount E Novena";"38 Irrawaddy Road";"#08-51";"Singapore";"329563"
"300005";"Mount Alvernia Hospital";"820 Thomson Rd.";"Pharmacy Department";"Singapore";"574623"
"202458";"The Heart Clinic- Dr Koh Siam Soon Philip";"3 Mount Elizabeth";"#13-15 Mt Elizabeth Medical Ctr.";"Singapore";"228510"
"201420";"Lifecare Family Clinic & Surgery-Dr Seng Tee Kiat";"Block 106 Hougang Avenue 1";"#01-1221";"Singapore";"530106"
"D63903";"Heart Matters Medical Centre PteLtd";"38 Irrawaddy Road";"#07-30 Mount. E Novena Specialist Ctr";"Singapore";"329563"
"202315";"Raffles Hospital Pte Ltd";"585 North Bridge Rd.";"#07-00 Pharmacy Department";"Singapore";"188770"
"203519";"Parkway Shenton Pte Ltd";"8A Marina Boulevard";"#B2-76 Marina Bay Link Mall";"Singapore";"018984"
"200920";"Lifeline Yishun Ring Medical Clinic P/L";"Block 846 Yishun Ring Rd.";"#01-3615";"Singapore";"760846"
"202315";"Raffles Hospital Pte Ltd";"585 North Bridge Rd.";"#07-00 Pharmacy Department";"Singapore";"188770"
"201535";"Cheong Family Clinic Pte Ltd";"Block 45 Owen Rd.";"#01-293";"Singapore";"210045"
"201336";"Ar-Raudhah Medical Clinic & Surgery Pte Ltd";"Block 372 Bukit Batok St. 31";"#01-386";"Singapore";"650372"
"202315";"Raffles Hospital Pte Ltd";"585 North Bridge Rd.";"#07-00 Pharmacy Department";"Singapore";"188770"
"901119";"Guardian H & B- 127 Paragon";"290 Orchard Rd.";"#B1-20/24 Paragon";"Singapore";"238859"
"300040";"St. Luke's Hospital";"2 Bukit Batok St. 11";"Singapore";"Singapore";"659674"
"202315";"Raffles Hospital Pte Ltd";"585 North Bridge Rd.";"#07-00 Pharmacy Department";"Singapore";"188770"
"F21026";"Raffles Medical Group Ltd";"1 Sengkang Square";"#04-09 Compass One";"Singapore";"545078"
"202683";"United Vision Holdings P/L";"c/o Healthmark Pioneer Mall Clinic";"638 Jurong West St 61 #02-08 PioneerMall";"Singapore";"640638"
"203624";"Raffles Medical Grp Ltd- Changi City Pt.";"5 Changi Business Park Central";"Changi City Point #B1-55/56";"Singapore";"486038"
"G71274";"Welcia - BHG (S) Pte Ltd";"100 Beach Road";"#12-01/03 Shaw Tower";"Singapore";"189702"
"203149";"Raffles Executive Medical Centre c/o Raffles Medic";"585 North Bridge Rd.";"#12-00 Raffles Hospital";"Singapore";"188770"
"202195";"Shenton Family Medical Clinic (Jurong East)";"Block 131 Jurong Gateway Rd.";"#01-263";"Singapore";"600131"
"202626";"Stephen Chew Ctr For Kidney Disease & Hypertens";"820 Thomson Rd.";"#05-53 Mt Alvernia Medical Ctr(Blk D)";"Singapore";"574623"
"900453";"Guardian H & B- 086 Mount Elizabeth";"3 Mount Elizabeth";"#02-10/11 Mt Elizabeth Medical Ctr.";"Singapore";"228510"
"100105";"National Heart Ctr Of Singapore Pte Ltd";"5 Hospital Drive (Pharmacy Dept)";"";"Singapore";"169609"
"200401";"The Ming Clinic";"1 Orchard Boulevard";"#04-01/02 Camden Medical Ctr.";"Singapore";"248649"
"400050";"H C P Pte Ltd";"150 Orchard Road";"#04-06 Orchard Plaza";"Singapore";"238841"
"400050";"H C P Pte Ltd";"150 Orchard Road";"#04-06 Orchard Plaza";"Singapore";"238841"
"201521";"Maurice Choo Clinic P/L- Dr Maurice Choo";"1 Farrer Park Station Road";"#07-07/08 Connexion";"Singapore";"217562"
"200333";"Lim Clinic & Surgery- Dr Lim Liang Boon";"Block 20 Chai Chee Rd.";"#01-418/420";"Singapore";"461020"
"200140";"Yio Chu Kang MRT Clinic P/L- Dr Terence Koh";"Block 635 Ang Mo Kio Avenue 6";"#01-5125";"Singapore";"560635"
"200483";"Ping's Clinic & Surgery- Kwak Ping Lam";"Block 555 Ang Mo Kio Avenue 10";"#01-1974";"Singapore";"560555"
"200110";"G & H Medical Clinic P/L- Dr Goh Cheng Hong";"Block 106 Yishun Ring Rd.";"#01-173";"Singapore";"760106"
"200206";"Haig Specialist Med Clinic P/L-Dr Mukund Doshi";"319 Joo Chiat Place";"#03-01 East Shore Medical Ctr.HAIG CLINIC";"Singapore";"427989"
"202667";"Charles Chan Heart Clinic Pte Ltd";"6 Napier Rd. Suite 02-02";"Gleneagles Medical Ctr.";"Singapore";"258499"
"201324";"JL Medical(Bkt Batok)P/L-Dr Janet Lee Yeng Fen";"Blk 413 Bkt Batok West Ave. 4";"#01-214";"Singapore";"650413"
"202859";"The Family Clinic @ Towner- Dr Jitendra K Sen";"Block 101 Towner Rd.";"#01-202";"Singapore";"322101"
"200483";"Ping's Clinic & Surgery- Kwak Ping Lam";"Block 555 Ang Mo Kio Avenue 10";"#01-1974";"Singapore";"560555"
"201059";"S G Clinic Family Practice- Dr Suresh Mahtani";"84 Serangoon Garden Way";"";"Singapore";"555980"
"400032";"Pan-Malayan Pharmaceuticals Pte Ltd";"16 Tai Seng Street";"Level 4";"Singapore";"534138"
"201968";"Y S Lau Cardiology Clinic P/L-Dr Lau Yung Sang";"820 Thomson Rd.";"#06-69 Mt Alvernia Medical Ctr D";"Singapore";"574623"
"201059";"S G Clinic Family Practice- Dr Suresh Mahtani";"84 Serangoon Garden Way";"";"Singapore";"555980"
"200829";"Hougang Clinic - Dr Chua Chong Li";"Block 631 Hougang Avenue 8";"#01-16";"Singapore";"530631"
"G69469";"Shenton Medical Group c/o Parkway Shenton Pte Ltd";"30 Woodlands Ave 2";"#01-47/48/49 Woodlands MRT Station";"Singapore";"738343"
"203065";"Icon Medical Clinic";"Block 517 Jurong West St. 52";"#01-101";"Singapore";"640517"
"200557";"Tampines Clinic & Surgery P/L-Dr Ang Ee Leong";"Block 139 Tampines St. 11";"#01-10";"Singapore";"521139"
"900298";"Guardian H & B- 049 Jurong Point";"63 Jurong West Central 3";"#B1-27/28 Jurong Point Shopping";"Singapore";"648331"
"202106";"Everhealth Family Clinic & Surgery";"Block 762 Jurong West St. 75";"#01-290 Gek Poh Shopping Ctr.";"Singapore";"640762"
"F10123";"Adelphi Psych Medicine Clinic c/o Adelphi Psychiat";"Block 1 Coleman Street";"#04-32 The Adelphi";"Singapore";"179803"
"D67530";"N B Tham Clinic Pte Ltd";"8 Whampoa Drive";"";"Singapore";"327718"
"202692";"KH Mak Heart Clinic P/L- Dr Mak Koon Hou";"6 Napier Rd.";"#08-13 Gleneagles Medical Ctr.";"Singapore";"258499"
"202692";"KH Mak Heart Clinic P/L- Dr Mak Koon Hou";"6 Napier Rd.";"#08-13 Gleneagles Medical Ctr.";"Singapore";"258499"
"202683";"United Vision Holdings P/L";"c/o Healthmark Pioneer Mall Clinic";"638 Jurong West St 61 #02-08 PioneerMall";"Singapore";"640638"
"201080";"Far East Med Practitioners P/L Drs M Goh/R Sadasiv";"545 Orchard Rd.";"#06-07 Far East Shopping Ctr.";"Singapore";"238882"
"201080";"Far East Med Practitioners P/L Drs M Goh/R Sadasiv";"545 Orchard Rd.";"#06-07 Far East Shopping Ctr.";"Singapore";"238882"
"201895";"HL Clinic-Dr Sabrina Lim Seok Cheng";"Block 9 Telok Blangah Crescent";"#01-135";"Singapore";"090012"
"100030";"National University Hospital (S) Pte Ltd";"5 Lower Kent Ridge Rd.";"";"Singapore";"119074"
"203026";"Parkway Shenton Pte Ltd";"1 Raffles Quay";"#09-02 One Raffles Quay";"Singapore";"048583"
"901119";"Guardian H & B- 127 Paragon";"290 Orchard Rd.";"#B1-20/24 Paragon";"Singapore";"238859"
"200784";"Adam Rd Medical Ctr-Dr Francis Ngui Dr.Francis Ngu";"559 Bukit Timah Rd.";"#01-02 King's Arcade";"Singapore";"269695"
"H56468";"SMG Heart Centre Pte Ltd c/o Cardia Centre Interna";"3 Mount Elizabeth";"#07-04 Mount Elizabeth Medical Centre";"Singapore";"228510"
"202092";"YSL Bedok(24 HR) Clinic Surgery- Dr Lau Boon Kwang";"Block 539 Bedok North St. 3";"#01-631";"Singapore";"460539"
"J44012";"Chung & Ee Medical Pte Ltd c/o Chung & Ee Medical";"Blk 10 Telok Blangah Crescent";"#01-151";"Singapore";"090010"
"400034";"Princeton Pharmacy Pte Ltd";"1 Clementi Loop";"#05-02/03 Clementi West Logispark";"Singapore";"129808"
"400050";"H C P Pte Ltd";"150 Orchard Road";"#04-06 Orchard Plaza";"Singapore";"238841"
"100030";"National University Hospital (S) Pte Ltd";"5 Lower Kent Ridge Rd.";"";"Singapore";"119074"
"100002";"Tan Tock Seng Hospital Pte Ltd";"Moulmein Rd.";"Pharmacy Dept";"Singapore";"308087"
"400032";"Pan-Malayan Pharmaceuticals Pte Ltd";"16 Tai Seng Street";"Level 4";"Singapore";"534138"
"200674";"Wong Clinic - Dr Wong Chin Heng";"Block 539 Bedok North St. 3";"#01-603";"Singapore";"460539"
"203115";"TCI Cardiology Pte Ltd c/o Novena Heart Ctr";"38 Irrawaddy Road";"#07-56/57/58/59 Mt E Novena Spec Ctr";"Singapore";"329563"
"200674";"Wong Clinic - Dr Wong Chin Heng";"Block 539 Bedok North St. 3";"#01-603";"Singapore";"460539"
"200865";"The Psychiatric & Behavioural Medicine Cl-Dr Ang P";"3 Mount Elizabeth";"#15-08 Mt Elizabeth Medical Ctr.";"Singapore";"228510"
"203520";"NEX Healthcare Pte Ltd";"994 Bendemeer Rd.";"#06-09 B Central";"Singapore";"339943"
"400032";"Pan-Malayan Pharmaceuticals Pte Ltd";"16 Tai Seng Street";"Level 4";"Singapore";"534138"
"202486";"Dr Grace P/L c/o Bishan Grace Clinic";"Block 150 Bishan St. 11";"#01-151";"Singapore";"570150"
"202315";"Raffles Hospital Pte Ltd";"585 North Bridge Rd.";"#07-00 Pharmacy Department";"Singapore";"188770"
"D64903";"Ng Teng Fong General Hospital";"No 1 Jurong East Street 21";"";"Singapore";"609606"
"200887";"The Bonham Clinic P/L-Dr David Eu";"100 Peck Seah Street";"#11-16/17";"Singapore";"079333"
"400032";"Pan-Malayan Pharmaceuticals Pte Ltd";"16 Tai Seng Street";"Level 4";"Singapore";"534138"
"802792";"Bok Family Clinic - Dr Bok Teck Sun";"Block 117 Bedok Reservoir Rd.";"#01-58";"Singapore";"470117"
"202315";"Raffles Hospital Pte Ltd";"585 North Bridge Rd.";"#07-00 Pharmacy Department";"Singapore";"188770"
"201219";"K K Tan Medical Clinic- Dr Tan Kok Kheng";"Block 284 Bishan St. 22";"#01-209";"Singapore";"570284"
"200598";"Teng Clinic - Dr Siah Kim Bin";"Block 171 Stirling Rd.";"#01-1101";"Singapore";"140171"
"400032";"Pan-Malayan Pharmaceuticals Pte Ltd";"16 Tai Seng Street";"Level 4";"Singapore";"534138"
"501401";"P & L Pharmacy Pte Ltd";"19 Tanglin Rd.";"#01-40 Tanglin Shopping Ctr.";"Singapore";"247909"
"203489";"Nexus Surgical Associates Pte Ltd";"3 Mount Elizabeth";"#08-06 Mt Elizabeth Medical Ctr.";"Singapore";"228510"
"202667";"Charles Chan Heart Clinic Pte Ltd";"6 Napier Rd. Suite 02-02";"Gleneagles Medical Ctr.";"Singapore";"258499"
"D64903";"Ng Teng Fong General Hospital";"No 1 Jurong East Street 21";"";"Singapore";"609606"
"F10123";"Adelphi Psych Medicine Clinic c/o Adelphi Psychiat";"Block 1 Coleman Street";"#04-32 The Adelphi";"Singapore";"179803"
"201960";"First Medical Ctr Pte Ltd -Dr Wang Joon Leong";"Block 169 Stirling Rd.";"#01-1165";"Singapore";"140169"
"200580";"Tan Medical Clinic P/L- Dr Tan Yong Teck";"Block 339 Ang Mo Kio Avenue 1";"#01-1583";"Singapore";"560339"
"900453";"Guardian H & B- 086 Mount Elizabeth";"3 Mount Elizabeth";"#02-10/11 Mt Elizabeth Medical Ctr.";"Singapore";"228510"
"202683";"United Vision Holdings P/L";"c/o Healthmark Pioneer Mall Clinic";"638 Jurong West St 61 #02-08 PioneerMall";"Singapore";"640638"
"400032";"Pan-Malayan Pharmaceuticals Pte Ltd";"16 Tai Seng Street";"Level 4";"Singapore";"534138"
"201700";"Hamid Family Clinic & Surgery- Dr Hamid Bin Ahmad";"Block 156 Pasir Ris St. 13";"#01-35";"Singapore";"510156"
"100097";"AMK-Thye Hua Kwan Hospital Ltd";"17 Ang Mo Kio Avenue 9";"";"Singapore";"569766"
"100002";"Tan Tock Seng Hospital Pte Ltd";"Moulmein Rd.";"Pharmacy Dept";"Singapore";"308087"
"200653";"NUS-University Health Ctr - University Health Ctr.";"20 Lower Kent Ridge Road,";"Level 1";"Singapore";"119080"
"H87181";"Curie Oncology Pte Ltd c/o Curie Oncology";"38 Irrawaddy Road";"#08-21 Mt E Novena Specialist Centre";"Singapore";"329563"
"400002";"A.M. Pharmacy (Pte) Ltd";"150 Orchard Rd.";"#04-06 Orchard Plaza";"Singapore";"238841"
"203109";"GynaeMD Pte Ltd-Dr Ng";"1 Orchard Boulevard";"#04-03A Camden Medical Ctr.";"Singapore";"248649"
"E70818";"Sozo Cardiology Pte Ltd";"38 Irrawaddy Road";"#06-38/39 Mt Elizabeth Novena Hospital";"Singapore";"329563"
"G53342";"Cardiac Solutions Medical Centre c/o Rossdale Pte";"38 Irrawaddy Road";"#06-51/52 Mt Elizabeth Hospital Novena";"Singapore";"329563"
"202684";"Leonard Koh Clinic Pte Ltd";"6 Napier Rd.";"#04-12 Gleneagles Medical Ctr.";"Singapore";"258499"
"203346";"Heart Partners Pte Ltd";"6 Napier Rd.";"#03-09 Gleneagles Medical Ctr.";"Singapore";"258499"
"100030";"National University Hospital (S) Pte Ltd";"5 Lower Kent Ridge Rd.";"";"Singapore";"119074"
"901119";"Guardian H & B- 127 Paragon";"290 Orchard Rd.";"#B1-20/24 Paragon";"Singapore";"238859"
"400157";"Changi General Hospital Pte Ltd Retail Pharmacy";"2 Simei St. 3";"Singapore";"Singapore";"529889"
"201324";"JL Medical(Bkt Batok)P/L-Dr Janet Lee Yeng Fen";"Blk 413 Bkt Batok West Ave. 4";"#01-214";"Singapore";"650413"
"201489";"K W Lee Clinic & Surgery For Women-Dr Lee Keen W";"6 Napier Rd.";"#08-15/16 Gleneagles Medical Ctr.";"Singapore";"258499"
"201489";"K W Lee Clinic & Surgery For Women-Dr Lee Keen W";"6 Napier Rd.";"#08-15/16 Gleneagles Medical Ctr.";"Singapore";"258499"
"200631";"Charles Toh Clinic- Dr Toh Chai Soon Charles";"3 Mount Elizabeth";"#06-01/02 Mt Elizabeth Medical Ctr.";"Singapore";"228510"
"200891";"Street 21 Clinic Tampines Pte Ltd Dr Gan Tek Kah";"Block 201B Tampines St. 21";"#02-1097";"Singapore";"522201"
"200355";"Low Cardiology Clinic- Dr Low Lip Ping";"3 Mount Elizabeth";"#11-05 Mt Elizabeth Medical Ctr.";"Singapore";"228510"
"200069";"Chan Med & Endo/Chan MEC P/L- Dr Chan Heng Chun";"6 Napier Rd.";"#08-05 Gleneagles Medical Ctr.";"Singapore";"258499"
"203466";"Shenton Family Medical Clinic (Duxton)";"1 Cantonment Rd.";"#01-02 Pinnacle @ Duxton";"Singapore";"080001"
"200903";"Neo Clinic & Surgery- Dr Neo Eng Kiong";"Block 257 Bangkit Rd.";"#01-45";"Singapore";"670257"
"202361";"Silver Cross Healthcare Pte Ltd c/o Healthway Medi";"Block 406 Sembawang Drive";"#01-820";"Singapore";"750406"
"203585";"The Clinic @ Campus Pte Ltd";"70 Stamford Rd.";"#B1-21 Li Ka Shing Library Bldg.";"Singapore";"178901"
"200903";"Neo Clinic & Surgery- Dr Neo Eng Kiong";"Block 257 Bangkit Rd.";"#01-45";"Singapore";"670257"
"200903";"Neo Clinic & Surgery- Dr Neo Eng Kiong";"Block 257 Bangkit Rd.";"#01-45";"Singapore";"670257"
"I06285";"Chinatown Inc Pte Ltd c/o Chinatown Wellness Clini";"Blk 531 Upper Cross Street";"#02-02 Hong Lim Complex";"Singapore";"050531"
"200955";"Sheraton Medical Clinic- Dr Yap Yong Sang";"Block 681 Hougang Avenue 8";"#01-843";"Singapore";"530681"
"200246";"Japan Clinic & Surgery- Dr Chee Weng Sun";"Block 802 French Rd.";"#01-55";"Singapore";"200802"
"F07210";"Q & M Medical Clinic (Bukit Batok)";"Blk 151 Bukit Batok Street";"#01-252";"Singapore";"650151"
"202188";"Central (Clinic + Surgery) Marine Parade";"Block 81 Marine Parade Central";"#01-630";"Singapore";"440081"
"D63903";"Heart Matters Medical Centre PteLtd";"38 Irrawaddy Road";"#07-30 Mount. E Novena Specialist Ctr";"Singapore";"329563"
"202310";"Neurology And Neurophysiology Clinic- Dr Tan";"6A Napier Rd.";"#05-39 Gleneagles Hospital(Annexe Blk)";"Singapore";"258500"
"100002";"Tan Tock Seng Hospital Pte Ltd";"Moulmein Rd.";"Pharmacy Dept";"Singapore";"308087"
"100004";"Singapore General Hospital Pte Ltd";"2 Bukit Merah Central #11-01";"1FSS Pte Ltd";"Singapore";"159835"
"201978";"C H Lim Cardiology Clinic";"3 Mount Elizabeth";"#10-02 Mt Elizabeth Medical Ctr.";"Singapore";"228510"
"201978";"C H Lim Cardiology Clinic";"3 Mount Elizabeth";"#10-02 Mt Elizabeth Medical Ctr.";"Singapore";"228510"
"400001";"Alcare Pharmaceuticals Pte Ltd";"12A Jalan Ampas";"#03-03 Balestier Warehouse";"Singapore";"329516"
"202458";"The Heart Clinic- Dr Koh Siam Soon Philip";"3 Mount Elizabeth";"#13-15 Mt Elizabeth Medical Ctr.";"Singapore";"228510"
"202586";"Alfred Cheng Cardiac Care Pte Ltd";"3 Mount Elizabeth";"#15-15 Mt Elizabeth Medical Ctr.";"Singapore";"228510"
"400032";"Pan-Malayan Pharmaceuticals Pte Ltd";"16 Tai Seng Street";"Level 4";"Singapore";"534138"
"200653";"NUS-University Health Ctr - University Health Ctr.";"20 Lower Kent Ridge Road,";"Level 1";"Singapore";"119080"
"201335";"Healthway Medical";"Block 330 Ang Mo Kio Avenue 1";"#01-1803";"Singapore";"560330"
"201283";"Medical Union Clinic- Dr Wong Chee Min";"Block 211 Serangoon Avenue 4";"#01-04";"Singapore";"550211"
"200590";"Teban Garden Clinic-Dr Chew Pin Kee";"Block 61 Teban Garden Rd.";"#01-01 Teban Place";"Singapore";"600061"
"200803";"Orchard Group Clinic- Dr Tan Chin Lock";"545 Orchard Rd.";"#12-04 Far East Shopping Ctr.";"Singapore";"238882"
"202263";"Stomach, Liver & Bowel Clinic";"6A Napier Rd.";"#05-37 Gleneagles Hospital Annexe Blk";"Singapore";"258500"
"F23176";"G&L Surgical Clinic";"38 Irrawaddy Road";"#05-23 Mount E. Novena Specialist Ctr";"Singapore";"329563"
"100002";"Tan Tock Seng Hospital Pte Ltd";"Moulmein Rd.";"Pharmacy Dept";"Singapore";"308087"
"D67530";"N B Tham Clinic Pte Ltd";"8 Whampoa Drive";"";"Singapore";"327718"
"100105";"National Heart Ctr Of Singapore Pte Ltd";"5 Hospital Drive (Pharmacy Dept)";"";"Singapore";"169609"
"200670";"Winstedt Clinic - Dr S L Sarma";"51 Upper Weld Rd.";"(Little India)";"Singapore";"207408"
"902335";"Guardian H & B- 309 Amara Hotel";"100 Tras St.";"#02-09";"Singapore";"079027"
"200616";"Drs Thompson & Thomson(Radlink Medicare)P/L";"24 Raffles Place";"#02-08 Clifford Ctr.";"Singapore";"048621"
"200631";"Charles Toh Clinic- Dr Toh Chai Soon Charles";"3 Mount Elizabeth";"#06-01/02 Mt Elizabeth Medical Ctr.";"Singapore";"228510"
"203388";"The Psychological Wellness Ctr.";"101 Irrawaddy Road";"#13-07 Royal Square At Novena";"Singapore";"329565"
"900228";"Guardian H & B-Warehouse (Tampines)";"21 Tampines North Drive 2";"#03-01";"Singapore";"528765"
"200877";"Baldev Singh Cardiology Cl P/L- Dr Baldev Singh";"319 Joo Chiat Place";"#02-02 Parkway East Medical Ctr.";"Singapore";"427989"
"300002";"Parkway Hospitals (S) Pte Ltd c/o Gleneagles Hospi";"Tower 5 , Connection One";"Blk 167 Jalan Bukit Merah #16-10";"Singapore";"150167"
"202092";"YSL Bedok(24 HR) Clinic Surgery- Dr Lau Boon Kwang";"Block 539 Bedok North St. 3";"#01-631";"Singapore";"460539"
"203802";"The Clinic @ Fusionopolis Pte Ltd";"1 Fusionopolis Place";"#01-05 Galaxis";"Singapore";"138522"
"H07591";"Alexandra Hospital";"378 Alexandra Road";"";"Singapore";"159664"
"201074";"Huan Clinic - Dr M W Huan";"Block 51 Chin Swee Rd.";"#03-111";"Singapore";"160051"
"200483";"Ping's Clinic & Surgery- Kwak Ping Lam";"Block 555 Ang Mo Kio Avenue 10";"#01-1974";"Singapore";"560555"
"100030";"National University Hospital (S) Pte Ltd";"5 Lower Kent Ridge Rd.";"";"Singapore";"119074"
"201097";"Tampines Medilife Clinic- Dr Tan Ee Poh";"Block 801 Tampines Avenue 4";"#01-263";"Singapore";"520801"
"900228";"Guardian H & B-Warehouse (Tampines)";"21 Tampines North Drive 2";"#03-01";"Singapore";"528765"
"200223";"Ho Medical Ctr. P/L - Dr Paul Ho";"Block 352 Clementi Avenue 2";"#01-115";"Singapore";"120352"
"400141";"National Healthcare Grp Pharm.- Hougang";"89 Hougang Ave 4";"";"Singapore";"538829"
"900453";"Guardian H & B- 086 Mount Elizabeth";"3 Mount Elizabeth";"#02-10/11 Mt Elizabeth Medical Ctr.";"Singapore";"228510"
"900621";"Watson's PCS- United Square";"101 Thomson Rd.";"#B1-53 United Square";"Singapore";"307591"
"200891";"Street 21 Clinic Tampines Pte Ltd Dr Gan Tek Kah";"Block 201B Tampines St. 21";"#02-1097";"Singapore";"522201"
"400153";"National University Hospital (S) Pte Ltd - Retail";"Lower Kent Ridge Rd.";"Pharmacy Department";"Singapore";"119074"
"200037";"Bedok Medical Ctr Pte Ltd Dr Chua Lee Lea Im";"Block 18 Bedok South Rd.";"#01-57";"Singapore";"460018"
"900234";"Guardian H & B- 006 Parkway Parade";"80 Marine Parade Rd.";"#B1-84 Parkway Parade";"Singapore";"449269"
"300005";"Mount Alvernia Hospital";"820 Thomson Rd.";"Pharmacy Department";"Singapore";"574623"
"D65851";"Vivien Lim Endocrinology Specialist Centre Pte Ltd";"6 Napier Road";"#03-17/18 Gleneagles Medical Centre";"Singapore";"258499"
"100105";"National Heart Ctr Of Singapore Pte Ltd";"5 Hospital Drive (Pharmacy Dept)";"";"Singapore";"169609"
"E03119";"Medivene Holdings Pte Ltd c/o Medivene Clinic & Su";"330 Anchorvale Street";"#01-05";"Singapore";"540330"
"901119";"Guardian H & B- 127 Paragon";"290 Orchard Rd.";"#B1-20/24 Paragon";"Singapore";"238859"
"G04529";"Dr Matthew Tan Diabetes And Endocrine Care";"1 Farrer Park Station Road";"#11-01 Connexion";"Singapore";"217562"
"900228";"Guardian H & B-Warehouse (Tampines)";"21 Tampines North Drive 2";"#03-01";"Singapore";"528765"
"202672";"Cosmas Chen General Surgery & Vascular Ctr P/L";"820 Thomson Road";"#06-54 Mt Alvernia Medical Ctr D";"Singapore";"574623"
"400185";"National Healthcare Grp Pharm.- Pharmacy Service C";"10 Buangkok View";"Blk 9 ,L1 Buangkok Green Med Park (IMH)";"Singapore";"539747"
"D33669";"Arden Endocrinology Specialist Clinic Pte Ltd";"38 Irrawaddy Road";"#09-45/46 Mount Elizabeth Novena";"Singapore";"329563"
"D33669";"Arden Endocrinology Specialist Clinic Pte Ltd";"38 Irrawaddy Road";"#09-45/46 Mount Elizabeth Novena";"Singapore";"329563"
"100065";"Institute Of Mental Health";"10 Buangkok View";"Buangkok Green Medical Park";"Singapore";"539747"
"100097";"AMK-Thye Hua Kwan Hospital Ltd";"17 Ang Mo Kio Avenue 9";"";"Singapore";"569766"
"800011";"Lee Clinic - Dr Priscilla Lim";"Block 123 Bedok North St. 2";"#01-156";"Singapore";"460123"
"202002";"East Coast Family Clinic- Dr Kirankashyap";"121 Meyer Rd.";"#01-05 The Makena";"Singapore";"437932"
"200404";"Nair Cardiac & Medical Ctr- Dr V P Nair";"3 Mount Elizabeth";"#16-08 Mt Elizabeth Medical Ctr.";"Singapore";"228510"
"D33547";"Apex Heart Clinic";"6A Napier Road";"#04-37 Annex Block Gleneagle";"Singapore";"258500"
"300002";"Parkway Hospitals (S) Pte Ltd c/o Gleneagles Hospi";"Tower 5 , Connection One";"Blk 167 Jalan Bukit Merah #16-10";"Singapore";"150167"
"F10783";"Raffles Medical Group Ltd";"Block 118 Holland Avenue";"#05-02/03 Raffles Holland V";"Singapore";"278997"
"400032";"Pan-Malayan Pharmaceuticals Pte Ltd";"16 Tai Seng Street";"Level 4";"Singapore";"534138"
"200305";"Lee Clinic & Surgery- Dr Lee Keen Khuen";"Block 333 Kreta Ayer Rd.";"#01-20";"Singapore";"080333"
"400002";"A.M. Pharmacy (Pte) Ltd";"150 Orchard Rd.";"#04-06 Orchard Plaza";"Singapore";"238841"
"201080";"Far East Med Practitioners P/L Drs M Goh/R Sadasiv";"545 Orchard Rd.";"#06-07 Far East Shopping Ctr.";"Singapore";"238882"
"202315";"Raffles Hospital Pte Ltd";"585 North Bridge Rd.";"#07-00 Pharmacy Department";"Singapore";"188770"
"201336";"Ar-Raudhah Medical Clinic & Surgery Pte Ltd";"Block 372 Bukit Batok St. 31";"#01-386";"Singapore";"650372"
"H87181";"Curie Oncology Pte Ltd c/o Curie Oncology";"38 Irrawaddy Road";"#08-21 Mt E Novena Specialist Centre";"Singapore";"329563"
"D66296";"Icon Cancer Centre Farrer Park";"1 Farrer Park Station Road";"#09-13 Farrer Medical Centre";"Singapore";"217562"
"201384";"Public Medical Clinic & Surgery- Dr Wong Choo Mok";"Block 664 Yishun Avenue 4";"#01-275";"Singapore";"760664"
"E06288";"Restore Heart Centre";"Mt Alvernia Hosp, Medical Ctr D";"#07-52";"Singapore";"574623"
"201520";"Susan Quek Heart Care Clinic- Dr Susan Quek";"3 Mount Elizabeth";"#15-14 Mt Elizabeth Medical Ctr.";"Singapore";"228510"
"201384";"Public Medical Clinic & Surgery- Dr Wong Choo Mok";"Block 664 Yishun Avenue 4";"#01-275";"Singapore";"760664"
"202315";"Raffles Hospital Pte Ltd";"585 North Bridge Rd.";"#07-00 Pharmacy Department";"Singapore";"188770"
"H55908";"Starmed Specialist Centre Pte. Ltd. c/o Starmed Sp";"12 Farrer Park Station Road";"#05-01";"Singapore";"217565"
"300001";"Parkway Hospitals (S) Pte Ltd c/o Parkway East Hos";"Tower 5 Connection One";"Blk 167 Jalan Bukit Merah #16-10";"Singapore";"150167"
"200404";"Nair Cardiac & Medical Ctr- Dr V P Nair";"3 Mount Elizabeth";"#16-08 Mt Elizabeth Medical Ctr.";"Singapore";"228510"
"201520";"Susan Quek Heart Care Clinic- Dr Susan Quek";"3 Mount Elizabeth";"#15-14 Mt Elizabeth Medical Ctr.";"Singapore";"228510"
"G69534";"Sengkang Family Clinic c/o Sengkang Family Clinic";"Blk 274D Compassvale Bow";"#01-01";"Singapore";"544274"
"203673";"Caring Family Clinic Pte Ltd";"Block 501 Jurong West St. 51";"#01-271";"Singapore";"640501"
"201021";"CityMed Health Associates P/L-Dr Chan Suen Meng";"19 Keppel Rd.";"#01-01 Jit Poh Bldg. Ground Floor";"Singapore";"089058"
"200307";"S.Y. Lee Clinic - Dr Lee Suan Yew";"400 Balestier Rd.";"#01-11 Balestier Plaza";"Singapore";"329802"
"201336";"Ar-Raudhah Medical Clinic & Surgery Pte Ltd";"Block 372 Bukit Batok St. 31";"#01-386";"Singapore";"650372"
"201384";"Public Medical Clinic & Surgery- Dr Wong Choo Mok";"Block 664 Yishun Avenue 4";"#01-275";"Singapore";"760664"
"201080";"Far East Med Practitioners P/L Drs M Goh/R Sadasiv";"545 Orchard Rd.";"#06-07 Far East Shopping Ctr.";"Singapore";"238882"
"H58881";"The Harley Street Heart Ctr Novena c/o The Harley";"38 Irrawaddy Road";"#05-30 Mt Elizabeth Novena SpecialistCtr";"Singapore";"329563"
"201619";"Mel & Partners Drs- Dr Melvin Goh Ban Cheng";"1ScottsRoad";"#17-12 Shaw Centre";"Singapore";"228208"
"202683";"United Vision Holdings P/L";"c/o Healthmark Pioneer Mall Clinic";"638 Jurong West St 61 #02-08 PioneerMall";"Singapore";"640638"
"202957";"Raffles Medical Grp Ltd-TampinesOne";"10 Tampines Central 1";"#03-28 Tampines 1";"Singapore";"529536"
"100342";"Alexandra Health Pte Ltd c/o Khoo Teck Puat Hospit";"";"90 Yishun Central";"Singapore";"768828"
"D33670";"Family Medicine Clinic Chinatown";"133 New Bridge Road";"#02-09 Chinatown Point";"Singapore";"059413"
"201467";"Khoo Family Clinic & Surgery-Dr Vincent Leong WS";"Block 2 Beach Rd.";"#01-4781";"Singapore";"190002"
"100030";"National University Hospital (S) Pte Ltd";"5 Lower Kent Ridge Rd.";"";"Singapore";"119074"
"201343";"The Bishan Family Doctors- Dr Chua Bee Hong";"Block 283 Bishan St. 22";"#01-181";"Singapore";"570283"
"201679";"Raffles Medical Group Ltd";"Block 283 Bishan St. 22";"#01-177";"Singapore";"570283"
"400194";"Alliance Pharm Pte Ltd";"25 Bukit Batok Crescent";"#07-04/05/06, The Elitist";"Singapore";"658066"
"202227";"Chan KM Geriatric & Medical Clinic P/L";"6 Napier Rd.";"#08-10 Gleneagles Medical Ctr.";"Singapore";"258499"
"202002";"East Coast Family Clinic- Dr Kirankashyap";"121 Meyer Rd.";"#01-05 The Makena";"Singapore";"437932"
"203679";"The Harley Street Heart Centre c/o The Harley Stre";"6 Napier Rd.";"#02-38/41 Gleneagles Hospital(Annex Blk)";"Singapore";"258500"
"400050";"H C P Pte Ltd";"150 Orchard Road";"#04-06 Orchard Plaza";"Singapore";"238841"
"201804";"Lim Country Clinic- Dr Angela Lim Ka Pheck";"Block 208 Hougang St. 21";"#01-207";"Singapore";"530208"
"202458";"The Heart Clinic- Dr Koh Siam Soon Philip";"3 Mount Elizabeth";"#13-15 Mt Elizabeth Medical Ctr.";"Singapore";"228510"
"200404";"Nair Cardiac & Medical Ctr- Dr V P Nair";"3 Mount Elizabeth";"#16-08 Mt Elizabeth Medical Ctr.";"Singapore";"228510"
"200037";"Bedok Medical Ctr Pte Ltd Dr Chua Lee Lea Im";"Block 18 Bedok South Rd.";"#01-57";"Singapore";"460018"
"201473";"Familycare Clinic And Surgery- Dr Soo Ing Choong";"Block 85C Lorong 4 Toa Payoh";"#01-380";"Singapore";"313085"
"H55908";"Starmed Specialist Centre Pte. Ltd. c/o Starmed Sp";"12 Farrer Park Station Road";"#05-01";"Singapore";"217565"
"201535";"Cheong Family Clinic Pte Ltd";"Block 45 Owen Rd.";"#01-293";"Singapore";"210045"
"F07210";"Q & M Medical Clinic (Bukit Batok)";"Blk 151 Bukit Batok Street";"#01-252";"Singapore";"650151"
"200246";"Japan Clinic & Surgery- Dr Chee Weng Sun";"Block 802 French Rd.";"#01-55";"Singapore";"200802"
"201308";"Woodlands Family Clinic- Dr Tan Beng Teck";"Block 305 Woodlands St. 31";"#01-85";"Singapore";"730305"
"E71035";"Sengkang General Hospital Pte. Ltd.";"110 Sengkang East Way";"";"Singapore";"544886"
"202684";"Leonard Koh Clinic Pte Ltd";"6 Napier Rd.";"#04-12 Gleneagles Medical Ctr.";"Singapore";"258499"
"400032";"Pan-Malayan Pharmaceuticals Pte Ltd";"16 Tai Seng Street";"Level 4";"Singapore";"534138"
"201030";"Simei Clinic & Surgery- Dr Peter Ng Teck Hwee";"Block 248 Simei St. 3";"";"Singapore";"520248"
"200401";"The Ming Clinic";"1 Orchard Boulevard";"#04-01/02 Camden Medical Ctr.";"Singapore";"248649"
"201080";"Far East Med Practitioners P/L Drs M Goh/R Sadasiv";"545 Orchard Rd.";"#06-07 Far East Shopping Ctr.";"Singapore";"238882"
"201521";"Maurice Choo Clinic P/L- Dr Maurice Choo";"1 Farrer Park Station Road";"#07-07/08 Connexion";"Singapore";"217562"
"201521";"Maurice Choo Clinic P/L- Dr Maurice Choo";"1 Farrer Park Station Road";"#07-07/08 Connexion";"Singapore";"217562"
"201059";"S G Clinic Family Practice- Dr Suresh Mahtani";"84 Serangoon Garden Way";"";"Singapore";"555980"
"901023";"Guardian H&B - 095 IMM 2";"2 Jurong East St. 21";"#01-57 IMM Bldg.";"Singapore";"609601"
"202315";"Raffles Hospital Pte Ltd";"585 North Bridge Rd.";"#07-00 Pharmacy Department";"Singapore";"188770"
"202315";"Raffles Hospital Pte Ltd";"585 North Bridge Rd.";"#07-00 Pharmacy Department";"Singapore";"188770"
"900482";"Guardian H & B- 360 Great World City";"1 Kim Seng Promenade";"#B1-122/123/124/125 Great World City";"Singapore";"237994"
"202692";"KH Mak Heart Clinic P/L- Dr Mak Koon Hou";"6 Napier Rd.";"#08-13 Gleneagles Medical Ctr.";"Singapore";"258499"
"D63831";"The Heart And Vascular Centre P/L";"3 Mount Elizabeth";"#08-06 Mount Elizabeth Medical Centre";"Singapore";"228510"
"F07210";"Q & M Medical Clinic (Bukit Batok)";"Blk 151 Bukit Batok Street";"#01-252";"Singapore";"650151"
"201080";"Far East Med Practitioners P/L Drs M Goh/R Sadasiv";"545 Orchard Rd.";"#06-07 Far East Shopping Ctr.";"Singapore";"238882"
"201080";"Far East Med Practitioners P/L Drs M Goh/R Sadasiv";"545 Orchard Rd.";"#06-07 Far East Shopping Ctr.";"Singapore";"238882"
"203244";"Soon Diabetes Thyroid And Endocrinology Clinic";"10 Sinaran Drive";"#10-08 Novena Medical Center, Square 2";"Singapore";"307506"
"901119";"Guardian H & B- 127 Paragon";"290 Orchard Rd.";"#B1-20/24 Paragon";"Singapore";"238859"
"201473";"Familycare Clinic And Surgery- Dr Soo Ing Choong";"Block 85C Lorong 4 Toa Payoh";"#01-380";"Singapore";"313085"
"400032";"Pan-Malayan Pharmaceuticals Pte Ltd";"16 Tai Seng Street";"Level 4";"Singapore";"534138"
"300005";"Mount Alvernia Hospital";"820 Thomson Rd.";"Pharmacy Department";"Singapore";"574623"
"203026";"Parkway Shenton Pte Ltd";"1 Raffles Quay";"#09-02 One Raffles Quay";"Singapore";"048583"
"202033";"Frontier Medical Associates(AMK)P/L";"Block 163 Ang Mo Kio Avenue 4";"#01-426";"Singapore";"560163"
"J44012";"Chung & Ee Medical Pte Ltd c/o Chung & Ee Medical";"Blk 10 Telok Blangah Crescent";"#01-151";"Singapore";"090010"
"200534";"Singapura Clinic - Dr Lee Keng Thon";"27 Bencoolen St.";"#01-27";"Singapore";"189620"
"400153";"National University Hospital (S) Pte Ltd - Retail";"Lower Kent Ridge Rd.";"Pharmacy Department";"Singapore";"119074"
"D33547";"Apex Heart Clinic";"6A Napier Road";"#04-37 Annex Block Gleneagle";"Singapore";"258500"
"400032";"Pan-Malayan Pharmaceuticals Pte Ltd";"16 Tai Seng Street";"Level 4";"Singapore";"534138"
"400032";"Pan-Malayan Pharmaceuticals Pte Ltd";"16 Tai Seng Street";"Level 4";"Singapore";"534138"
"805040";"Drs Bain & Partners LLP";"1 Raffles Quay";"#09-03 One Raffles Quay North Tower";"Singapore";"048583"
"100030";"National University Hospital (S) Pte Ltd";"5 Lower Kent Ridge Rd.";"";"Singapore";"119074"
"200674";"Wong Clinic - Dr Wong Chin Heng";"Block 539 Bedok North St. 3";"#01-603";"Singapore";"460539"
"200674";"Wong Clinic - Dr Wong Chin Heng";"Block 539 Bedok North St. 3";"#01-603";"Singapore";"460539"
"203520";"NEX Healthcare Pte Ltd";"994 Bendemeer Rd.";"#06-09 B Central";"Singapore";"339943"
"201905";"Khoo Clinic & Surgery- Dr Khoo Ah Chew";"998 Upper Serangoon Rd.";"";"Singapore";"534737"
"202550";"Mission Medical Clinic- Dr Leong Choon Kit";"780 Upper Serangoon Rd.";"#01-01";"Singapore";"534649"
"201065";"T&T Family Health Clinic & Surgery- Dr Ting C M";"181 Kitchener Rd.";"#01-14 to 20 New ParkHotelShoppingArcade";"Singapore";"208533"
"200877";"Baldev Singh Cardiology Cl P/L- Dr Baldev Singh";"319 Joo Chiat Place";"#02-02 Parkway East Medical Ctr.";"Singapore";"427989"
"900454";"Guardian H & B- 087 Gleneagles Medical";"6 Napier Rd.";"#02-06/07/08 Gleneagles Medical Ctr";"Singapore";"258499"
"D63754";"The Heart Doctors Pte Ltd";"820 Thomson Road";"#05-56 Medical Centre D, Mt Alvernia";"Singapore";"574623"
"400032";"Pan-Malayan Pharmaceuticals Pte Ltd";"16 Tai Seng Street";"Level 4";"Singapore";"534138"
"400002";"A.M. Pharmacy (Pte) Ltd";"150 Orchard Rd.";"#04-06 Orchard Plaza";"Singapore";"238841"
"200887";"The Bonham Clinic P/L-Dr David Eu";"100 Peck Seah Street";"#11-16/17";"Singapore";"079333"
"501160";"HUB Medical Drugstore Pte Ltd";"8 Kaki Bukit Rd. 2";"#04-29 Ruby Warehouse Comp";"Singapore";"417841"
"203585";"The Clinic @ Campus Pte Ltd";"70 Stamford Rd.";"#B1-21 Li Ka Shing Library Bldg.";"Singapore";"178901"
"202683";"United Vision Holdings P/L";"c/o Healthmark Pioneer Mall Clinic";"638 Jurong West St 61 #02-08 PioneerMall";"Singapore";"640638"
"H78789";"Jason Lim Endoscopy & Surgery (Novena)";"38 Irrawaddy Road";"#05-49 Mt E Novena Specialist Centre";"Singapore";"329563"
"202668";"NU.U Aesthetics & Wellness Clinic";"290 Orchard Rd.";"#09-18/19 Paragon Medical Suites";"Singapore";"238859"
"D64903";"Ng Teng Fong General Hospital";"No 1 Jurong East Street 21";"";"Singapore";"609606"
"200877";"Baldev Singh Cardiology Cl P/L- Dr Baldev Singh";"319 Joo Chiat Place";"#02-02 Parkway East Medical Ctr.";"Singapore";"427989"
"202683";"United Vision Holdings P/L";"c/o Healthmark Pioneer Mall Clinic";"638 Jurong West St 61 #02-08 PioneerMall";"Singapore";"640638"
"201742";"K N Chin & Associates P/L- Dr Michel Foo S N";"3 Temasek Boulevard";"#02-400 Suntec City Mall";"Singapore";"038983"
"202002";"East Coast Family Clinic- Dr Kirankashyap";"121 Meyer Rd.";"#01-05 The Makena";"Singapore";"437932"
"201319";"B S Chew Clinic - Dr Chew Ban Soon";"Block 252 Jurong East St. 24";"#01-109";"Singapore";"600252"
"202683";"United Vision Holdings P/L";"c/o Healthmark Pioneer Mall Clinic";"638 Jurong West St 61 #02-08 PioneerMall";"Singapore";"640638"
"900453";"Guardian H & B- 086 Mount Elizabeth";"3 Mount Elizabeth";"#02-10/11 Mt Elizabeth Medical Ctr.";"Singapore";"228510"
"201700";"Hamid Family Clinic & Surgery- Dr Hamid Bin Ahmad";"Block 156 Pasir Ris St. 13";"#01-35";"Singapore";"510156"
"D67530";"N B Tham Clinic Pte Ltd";"8 Whampoa Drive";"";"Singapore";"327718"
"E71035";"Sengkang General Hospital Pte. Ltd.";"110 Sengkang East Way";"";"Singapore";"544886"
"200887";"The Bonham Clinic P/L-Dr David Eu";"100 Peck Seah Street";"#11-16/17";"Singapore";"079333"
"200887";"The Bonham Clinic P/L-Dr David Eu";"100 Peck Seah Street";"#11-16/17";"Singapore";"079333"
"203109";"GynaeMD Pte Ltd-Dr Ng";"1 Orchard Boulevard";"#04-03A Camden Medical Ctr.";"Singapore";"248649"
"202458";"The Heart Clinic- Dr Koh Siam Soon Philip";"3 Mount Elizabeth";"#13-15 Mt Elizabeth Medical Ctr.";"Singapore";"228510"
"E70818";"Sozo Cardiology Pte Ltd";"38 Irrawaddy Road";"#06-38/39 Mt Elizabeth Novena Hospital";"Singapore";"329563"
"G53342";"Cardiac Solutions Medical Centre c/o Rossdale Pte";"38 Irrawaddy Road";"#06-51/52 Mt Elizabeth Hospital Novena";"Singapore";"329563"
"203346";"Heart Partners Pte Ltd";"6 Napier Rd.";"#03-09 Gleneagles Medical Ctr.";"Singapore";"258499"
"201276";"Family Healthcare Cl & Surgery- Dr Cheng Soo Hong";"Block 523 Hougang Avenue 6";"#01-119";"Singapore";"530523"
"201968";"Y S Lau Cardiology Clinic P/L-Dr Lau Yung Sang";"820 Thomson Rd.";"#06-69 Mt Alvernia Medical Ctr D";"Singapore";"574623"
"202458";"The Heart Clinic- Dr Koh Siam Soon Philip";"3 Mount Elizabeth";"#13-15 Mt Elizabeth Medical Ctr.";"Singapore";"228510"
"901328";"Guardian H & B- 195 Toa Payoh";"Block 190 Lorong 6 Toa Payoh";"#01-578";"Singapore";"310190"
"900228";"Guardian H & B-Warehouse (Tampines)";"21 Tampines North Drive 2";"#03-01";"Singapore";"528765"
"400032";"Pan-Malayan Pharmaceuticals Pte Ltd";"16 Tai Seng Street";"Level 4";"Singapore";"534138"
"E06288";"Restore Heart Centre";"Mt Alvernia Hosp, Medical Ctr D";"#07-52";"Singapore";"574623"
"201074";"Huan Clinic - Dr M W Huan";"Block 51 Chin Swee Rd.";"#03-111";"Singapore";"160051"
"E06288";"Restore Heart Centre";"Mt Alvernia Hosp, Medical Ctr D";"#07-52";"Singapore";"574623"
"201742";"K N Chin & Associates P/L- Dr Michel Foo S N";"3 Temasek Boulevard";"#02-400 Suntec City Mall";"Singapore";"038983"
"200069";"Chan Med & Endo/Chan MEC P/L- Dr Chan Heng Chun";"6 Napier Rd.";"#08-05 Gleneagles Medical Ctr.";"Singapore";"258499"
"200698";"Yang & Yap Clinic & Surgery Pte Ltd";"Block 537 Bedok North St. 3";"#01-571";"Singapore";"460537"
"D66827";"Saint Julien Clinical Associates P/L c/o Saint Jul";"820 Thomson Road";"#05-58 Mount Alvernia Hosp Medical Ctr D";"Singapore";"574623"
"200865";"The Psychiatric & Behavioural Medicine Cl-Dr Ang P";"3 Mount Elizabeth";"#15-08 Mt Elizabeth Medical Ctr.";"Singapore";"228510"
"202402";"Ren Medical Clinic- Yishun- Dr Khaw Chin Choon";"Block 101 Yishun Avenue 5";"#01-31";"Singapore";"760101"
"805260";"E.J.Tan Clinic & Surgery- Dr Lim Chien Chuan";"Block 104 Jurong East St. 13";"#01-100";"Singapore";"600104"
"202402";"Ren Medical Clinic- Yishun- Dr Khaw Chin Choon";"Block 101 Yishun Avenue 5";"#01-31";"Singapore";"760101"
"200955";"Sheraton Medical Clinic- Dr Yap Yong Sang";"Block 681 Hougang Avenue 8";"#01-843";"Singapore";"530681"
"200246";"Japan Clinic & Surgery- Dr Chee Weng Sun";"Block 802 French Rd.";"#01-55";"Singapore";"200802"
"203819";"Providence Clinic @REDHILL";"Blk 86 #01-596";"Rehill CloseProvidence Clinic";"Singapore";"150086"
"100342";"Alexandra Health Pte Ltd c/o Khoo Teck Puat Hospit";"";"90 Yishun Central";"Singapore";"768828"
"200886";"Neighbourhood Clinic- Dr Lim Yu Her";"Block 260 Bangkit Rd.";"#01-13 Bkt. Panjang Neighbourhood Ctr";"Singapore";"670260"
"202683";"United Vision Holdings P/L";"c/o Healthmark Pioneer Mall Clinic";"638 Jurong West St 61 #02-08 PioneerMall";"Singapore";"640638"
"200784";"Adam Rd Medical Ctr-Dr Francis Ngui Dr.Francis Ngu";"559 Bukit Timah Rd.";"#01-02 King's Arcade";"Singapore";"269695"
"100342";"Alexandra Health Pte Ltd c/o Khoo Teck Puat Hospit";"";"90 Yishun Central";"Singapore";"768828"
"G69453";"SRC Medical Centre c/o Parkway Shenton Pte Ltd";"1 Merlimau Road";"Jurong Island";"Singapore";"628260"
"201520";"Susan Quek Heart Care Clinic- Dr Susan Quek";"3 Mount Elizabeth";"#15-14 Mt Elizabeth Medical Ctr.";"Singapore";"228510"
"202176";"W K Cheong Gastrointestinal & Liver Specialists PL";"3 Mount Elizabeth";"#14-03 Mt Elizabeth Medical Ctr.";"Singapore";"228510"
"901119";"Guardian H & B- 127 Paragon";"290 Orchard Rd.";"#B1-20/24 Paragon";"Singapore";"238859"
"200598";"Teng Clinic - Dr Siah Kim Bin";"Block 171 Stirling Rd.";"#01-1101";"Singapore";"140171"
"202315";"Raffles Hospital Pte Ltd";"585 North Bridge Rd.";"#07-00 Pharmacy Department";"Singapore";"188770"
"201335";"Healthway Medical";"Block 330 Ang Mo Kio Avenue 1";"#01-1803";"Singapore";"560330"
"200136";"Clifford Dispensary P/L";"77 Robinson Rd.";"#06-02 Robinson 77";"Singapore";"068896"
"202871";"Healthway Compassvale Clinic c/o Healthway Medical";"Block 267 Compassvale Link";"#01-04";"Singapore";"540267"
"D64903";"Ng Teng Fong General Hospital";"No 1 Jurong East Street 21";"";"Singapore";"609606"
"201940";"Healthway Medical Group Pte Ltd c/o Healthway Medi";"Block 710 Tampines St. 71";"#01-134";"Singapore";"520710"
"F23176";"G&L Surgical Clinic";"38 Irrawaddy Road";"#05-23 Mount E. Novena Specialist Ctr";"Singapore";"329563"
"400050";"H C P Pte Ltd";"150 Orchard Road";"#04-06 Orchard Plaza";"Singapore";"238841"
"300118";"Parkway Hospitals (S) Pte Ltd c/o Mount E Novena H";"Tower 5, Connection One";"Blk 167 Jalan Bukit Merah #16-10";"Singapore";"150167"
"G71602";"Parkway Shenton Medical Group c/o Parkway Shenton";"205 Hougang Street 21";"#03-20 Heartland Mall - Kovan";"Singapore";"530205"
"D63310";"Dr Foo Endocrine Pte Ltd c/o Specialist Endocrine";"1 Orchard Boulevard";"#04-03 Camden Medical Centre";"Singapore";"248649"
"H07591";"Alexandra Hospital";"378 Alexandra Road";"";"Singapore";"159664"
"900453";"Guardian H & B- 086 Mount Elizabeth";"3 Mount Elizabeth";"#02-10/11 Mt Elizabeth Medical Ctr.";"Singapore";"228510"
"201492";"Loyang Medical Ctr- Dr Leow Wei Aun";"Loyang Offshore Supply Base";"Loyang Crescent Box 5142";"Singapore";"508988"
"D69107";"Siglap Clinic Pte Ltd";"308 Telok Kurau Road";"#01-08 Vibes@East Coast";"Singapore";"423858"
"G69454";"Shenton Medical Group c/o Parkway Shenton Pte Ltd";"Blk 263 Serangoon Central Drive";"#01-59";"Singapore";"550263"
"200877";"Baldev Singh Cardiology Cl P/L- Dr Baldev Singh";"319 Joo Chiat Place";"#02-02 Parkway East Medical Ctr.";"Singapore";"427989"
"900990";"Guardian H & B- 101 Bishan Junction";"9 Bishan Place";"#B1-08 Junction 8 Shopping Ctr.";"Singapore";"579837"
"201924";"Drs Koo & Neoh Medical Group P/L c/o Drs Koo & Neo";"61 Choa Chu Kang Drive";"#02-01 Yew Tee MRT Station";"Singapore";"689715"
"201924";"Drs Koo & Neoh Medical Group P/L c/o Drs Koo & Neo";"61 Choa Chu Kang Drive";"#02-01 Yew Tee MRT Station";"Singapore";"689715"
"100030";"National University Hospital (S) Pte Ltd";"5 Lower Kent Ridge Rd.";"";"Singapore";"119074"
"203806";"The Endocrine Clinic @ Novena P/L";"38 Irrawaddy Rd.";"#08-55/56/57 Mt Elizabeth Novena";"Singapore";"329563"
"201097";"Tampines Medilife Clinic- Dr Tan Ee Poh";"Block 801 Tampines Avenue 4";"#01-263";"Singapore";"520801"
"200829";"Hougang Clinic - Dr Chua Chong Li";"Block 631 Hougang Avenue 8";"#01-16";"Singapore";"530631"
"200829";"Hougang Clinic - Dr Chua Chong Li";"Block 631 Hougang Avenue 8";"#01-16";"Singapore";"530631"
"400032";"Pan-Malayan Pharmaceuticals Pte Ltd";"16 Tai Seng Street";"Level 4";"Singapore";"534138"
"200223";"Ho Medical Ctr. P/L - Dr Paul Ho";"Block 352 Clementi Avenue 2";"#01-115";"Singapore";"120352"
"200807";"S.K. Tay Clinic & Surgery- Dr Tay Soi Kheng";"Block 827 Tampines St. 81";"Along Avenue 3 #01-140";"Singapore";"520827"
"900922";"UNITY By FairPrice - LT1 LOT One Shopper's Mall";"21 Choa Chu Kang Avenue 4";"#B1-04/05";"Singapore";"689812"
"200095";"Chaim Clinic - Dr Chaim Heng Tin";"Block 111 Lorong 1 Toa Payoh";"#01-350";"Singapore";"310111"
"200095";"Chaim Clinic - Dr Chaim Heng Tin";"Block 111 Lorong 1 Toa Payoh";"#01-350";"Singapore";"310111"
"400032";"Pan-Malayan Pharmaceuticals Pte Ltd";"16 Tai Seng Street";"Level 4";"Singapore";"534138"
"100002";"Tan Tock Seng Hospital Pte Ltd";"Moulmein Rd.";"Pharmacy Dept";"Singapore";"308087"
"300006";"Parkway Hospitals (S) Pte Ltd c/o Mount Elizabeth";"Tower 5, Connection One";"Blk 167 Jalan Bukit Merah #16-10";"Singapore";"150167"
"201653";"K.B. Tan Clinic & Surgery- Dr Tan Kok Beng";"Block 625 Elias Rd.";"#01-310";"Singapore";"510625"
"G70835";"NTUC Fairprice Co-Operative Ltd-PRX";"5 Joo Koon Circle";"#07-00";"Singapore";"629118"
"000396";"PCS Medical Ctr.";"100 Ayer Merbau Rd.";"";"Singapore";"628277"
"201384";"Public Medical Clinic & Surgery- Dr Wong Choo Mok";"Block 664 Yishun Avenue 4";"#01-275";"Singapore";"760664"
"000396";"PCS Medical Ctr.";"100 Ayer Merbau Rd.";"";"Singapore";"628277"
"400050";"H C P Pte Ltd";"150 Orchard Road";"#04-06 Orchard Plaza";"Singapore";"238841"
"900228";"Guardian H & B-Warehouse (Tampines)";"21 Tampines North Drive 2";"#03-01";"Singapore";"528765"
